Id,label
0,68
1,33
2,55
3,51
4,71
5,6
6,15
7,74
8,71
9,0
10,12
11,75
12,81
13,69
14,40
15,43
16,92
17,97
18,70
19,53
20,70
21,49
22,75
23,93
24,21
25,16
26,39
27,8
28,8
29,45
30,20
31,10
32,41
33,73
34,96
35,74
36,58
37,11
38,25
39,37
40,63
41,24
42,49
43,73
44,56
45,22
46,41
47,58
48,74
49,29
50,4
51,6
52,9
53,57
54,11
55,11
56,71
57,52
58,42
59,69
60,77
61,27
62,31
63,65
64,7
65,98
66,43
67,82
68,63
69,92
70,66
71,90
72,76
73,91
74,67
75,32
76,82
77,10
78,77
79,61
80,71
81,78
82,54
83,7
84,29
85,89
86,78
87,42
88,35
89,73
90,22
91,18
92,27
93,21
94,13
95,21
96,63
97,44
98,37
99,84
100,26
101,83
102,47
103,95
104,43
105,69
106,76
107,17
108,57
109,52
110,25
111,20
112,27
113,0
114,9
115,60
116,8
117,43
118,10
119,56
120,85
121,10
122,19
123,62
124,33
125,20
126,4
127,64
128,70
129,46
130,98
131,16
132,1
133,74
134,51
135,91
136,60
137,64
138,52
139,23
140,42
141,11
142,52
143,85
144,24
145,95
146,58
147,39
148,51
149,58
150,58
151,77
152,25
153,49
154,45
155,66
156,13
157,20
158,7
159,80
160,36
161,8
162,86
163,10
164,30
165,52
166,54
167,99
168,51
169,83
170,9
171,89
172,4
173,83
174,95
175,83
176,39
177,73
178,18
179,40
180,39
181,75
182,22
183,65
184,16
185,28
186,2
187,95
188,46
189,83
190,12
191,7
192,26
193,13
194,94
195,24
196,89
197,42
198,7
199,87
200,6
201,78
202,68
203,60
204,6
205,23
206,44
207,31
208,80
209,93
210,95
211,35
212,49
213,41
214,97
215,59
216,53
217,67
218,16
219,81
220,94
221,12
222,76
223,77
224,12
225,18
226,0
227,39
228,79
229,71
230,89
231,57
232,52
233,24
234,65
235,0
236,32
237,50
238,82
239,31
240,23
241,24
242,34
243,21
244,11
245,53
246,80
247,44
248,74
249,39
250,91
251,16
252,64
253,68
254,50
255,66
256,58
257,31
258,6
259,42
260,80
261,76
262,89
263,55
264,19
265,91
266,70
267,1
268,6
269,62
270,99
271,51
272,96
273,0
274,42
275,18
276,67
277,50
278,40
279,62
280,78
281,84
282,28
283,89
284,30
285,66
286,18
287,38
288,42
289,92
290,63
291,11
292,86
293,27
294,96
295,12
296,16
297,67
298,43
299,89
300,96
301,12
302,40
303,7
304,86
305,29
306,76
307,31
308,18
309,28
310,19
311,18
312,41
313,42
314,43
315,15
316,93
317,15
318,61
319,8
320,37
321,85
322,45
323,67
324,12
325,2
326,14
327,91
328,94
329,26
330,71
331,88
332,61
333,62
334,5
335,60
336,45
337,91
338,97
339,95
340,9
341,40
342,68
343,62
344,99
345,66
346,46
347,7
348,10
349,10
350,68
351,34
352,13
353,58
354,48
355,40
356,63
357,88
358,46
359,80
360,64
361,39
362,60
363,94
364,63
365,10
366,88
367,54
368,90
369,66
370,90
371,33
372,28
373,29
374,5
375,86
376,7
377,0
378,94
379,35
380,26
381,6
382,41
383,65
384,69
385,42
386,29
387,67
388,85
389,65
390,40
391,57
392,90
393,95
394,50
395,42
396,4
397,33
398,52
399,95
400,40
401,93
402,44
403,12
404,18
405,57
406,72
407,16
408,98
409,89
410,40
411,47
412,71
413,3
414,46
415,66
416,5
417,8
418,53
419,42
420,4
421,13
422,42
423,96
424,68
425,42
426,77
427,10
428,27
429,32
430,79
431,98
432,24
433,51
434,2
435,19
436,31
437,72
438,36
439,10
440,16
441,5
442,81
443,85
444,79
445,85
446,65
447,22
448,29
449,85
450,22
451,22
452,10
453,18
454,98
455,9
456,26
457,42
458,7
459,5
460,58
461,87
462,76
463,2
464,92
465,38
466,59
467,17
468,6
469,0
470,79
471,97
472,14
473,14
474,72
475,54
476,8
477,66
478,55
479,25
480,37
481,75
482,10
483,41
484,0
485,99
486,79
487,87
488,67
489,72
490,43
491,94
492,49
493,21
494,74
495,12
496,77
497,77
498,89
499,71
500,31
501,50
502,90
503,11
504,64
505,41
506,42
507,58
508,47
509,93
510,68
511,11
512,46
513,67
514,1
515,53
516,73
517,36
518,83
519,70
520,64
521,8
522,48
523,98
524,62
525,11
526,95
527,42
528,39
529,18
530,29
531,63
532,8
533,94
534,98
535,79
536,76
537,19
538,99
539,53
540,43
541,54
542,2
543,27
544,27
545,93
546,81
547,54
548,49
549,79
550,33
551,35
552,95
553,55
554,99
555,42
556,62
557,56
558,67
559,47
560,72
561,43
562,20
563,45
564,3
565,49
566,10
567,26
568,45
569,45
570,36
571,68
572,14
573,2
574,99
575,12
576,26
577,38
578,58
579,96
580,77
581,87
582,82
583,61
584,83
585,41
586,54
587,8
588,10
589,2
590,44
591,13
592,91
593,56
594,9
595,24
596,6
597,73
598,1
599,39
600,98
601,55
602,83
603,42
604,43
605,84
606,66
607,4
608,64
609,77
610,26
611,82
612,81
613,20
614,0
615,48
616,46
617,77
618,22
619,13
620,17
621,39
622,76
623,0
624,17
625,64
626,48
627,8
628,93
629,82
630,75
631,96
632,97
633,3
634,62
635,38
636,61
637,32
638,26
639,84
640,41
641,12
642,85
643,76
644,8
645,82
646,90
647,94
648,7
649,22
650,15
651,66
652,89
653,39
654,19
655,0
656,19
657,5
658,56
659,36
660,45
661,1
662,94
663,66
664,86
665,82
666,17
667,64
668,99
669,38
670,99
671,72
672,83
673,4
674,93
675,28
676,77
677,91
678,88
679,68
680,14
681,14
682,1
683,92
684,97
685,45
686,7
687,21
688,37
689,32
690,30
691,88
692,86
693,6
694,14
695,78
696,74
697,25
698,93
699,78
700,44
701,88
702,72
703,10
704,65
705,26
706,31
707,85
708,78
709,12
710,32
711,81
712,97
713,1
714,82
715,57
716,21
717,31
718,59
719,57
720,97
721,76
722,60
723,87
724,46
725,1
726,61
727,75
728,62
729,21
730,61
731,78
732,90
733,37
734,94
735,88
736,69
737,3
738,83
739,32
740,93
741,77
742,31
743,63
744,61
745,41
746,88
747,83
748,2
749,82
750,50
751,15
752,48
753,11
754,4
755,71
756,8
757,98
758,67
759,7
760,85
761,5
762,96
763,60
764,34
765,80
766,13
767,90
768,54
769,15
770,76
771,39
772,95
773,24
774,7
775,64
776,70
777,88
778,81
779,0
780,12
781,64
782,29
783,79
784,86
785,60
786,22
787,80
788,82
789,14
790,48
791,75
792,55
793,53
794,16
795,1
796,58
797,94
798,70
799,29
800,87
801,23
802,46
803,58
804,99
805,78
806,10
807,53
808,37
809,97
810,65
811,15
812,51
813,52
814,63
815,32
816,6
817,36
818,6
819,7
820,94
821,38
822,13
823,22
824,67
825,54
826,83
827,10
828,57
829,20
830,11
831,82
832,85
833,19
834,26
835,40
836,33
837,71
838,13
839,39
840,20
841,47
842,35
843,19
844,52
845,66
846,32
847,53
848,53
849,21
850,46
851,6
852,34
853,71
854,45
855,45
856,72
857,44
858,24
859,93
860,44
861,96
862,16
863,33
864,9
865,46
866,46
867,68
868,24
869,47
870,86
871,40
872,66
873,53
874,10
875,51
876,41
877,77
878,54
879,5
880,20
881,29
882,76
883,65
884,70
885,26
886,41
887,2
888,96
889,69
890,36
891,18
892,13
893,66
894,47
895,37
896,99
897,97
898,90
899,38
900,93
901,85
902,19
903,16
904,33
905,99
906,94
907,28
908,69
909,51
910,27
911,39
912,8
913,56
914,52
915,64
916,46
917,77
918,45
919,4
920,29
921,89
922,37
923,48
924,52
925,56
926,65
927,52
928,14
929,52
930,2
931,60
932,9
933,68
934,8
935,23
936,44
937,21
938,54
939,97
940,60
941,54
942,62
943,56
944,23
945,42
946,81
947,74
948,87
949,47
950,52
951,61
952,42
953,51
954,10
955,2
956,68
957,13
958,30
959,88
960,38
961,52
962,93
963,51
964,6
965,64
966,76
967,52
968,53
969,34
970,60
971,63
972,28
973,24
974,65
975,69
976,89
977,90
978,70
979,13
980,77
981,43
982,43
983,99
984,81
985,80
986,66
987,35
988,84
989,21
990,49
991,33
992,15
993,37
994,2
995,89
996,63
997,9
998,53
999,91
1000,42
1001,67
1002,94
1003,79
1004,55
1005,90
1006,86
1007,18
1008,95
1009,92
1010,25
1011,68
1012,46
1013,29
1014,0
1015,9
1016,37
1017,64
1018,50
1019,90
1020,27
1021,52
1022,4
1023,48
1024,71
1025,12
1026,97
1027,0
1028,3
1029,41
1030,21
1031,16
1032,51
1033,66
1034,13
1035,74
1036,81
1037,73
1038,55
1039,30
1040,16
1041,10
1042,84
1043,8
1044,6
1045,9
1046,26
1047,46
1048,78
1049,26
1050,16
1051,17
1052,39
1053,73
1054,20
1055,3
1056,81
1057,26
1058,59
1059,45
1060,19
1061,66
1062,57
1063,60
1064,49
1065,36
1066,23
1067,42
1068,27
1069,19
1070,48
1071,80
1072,26
1073,20
1074,85
1075,28
1076,20
1077,33
1078,7
1079,29
1080,7
1081,89
1082,1
1083,90
1084,42
1085,15
1086,49
1087,93
1088,37
1089,52
1090,15
1091,29
1092,64
1093,93
1094,48
1095,70
1096,48
1097,82
1098,84
1099,81
1100,55
1101,38
1102,64
1103,63
1104,76
1105,55
1106,54
1107,60
1108,1
1109,49
1110,1
1111,92
1112,79
1113,69
1114,29
1115,62
1116,25
1117,26
1118,40
1119,5
1120,21
1121,33
1122,82
1123,80
1124,19
1125,93
1126,11
1127,10
1128,81
1129,69
1130,9
1131,91
1132,96
1133,34
1134,82
1135,9
1136,0
1137,28
1138,62
1139,91
1140,50
1141,33
1142,5
1143,13
1144,52
1145,58
1146,2
1147,32
1148,81
1149,63
1150,10
1151,19
1152,11
1153,49
1154,64
1155,58
1156,7
1157,62
1158,52
1159,53
1160,41
1161,33
1162,8
1163,39
1164,67
1165,77
1166,95
1167,7
1168,46
1169,98
1170,31
1171,53
1172,16
1173,2
1174,59
1175,51
1176,42
1177,29
1178,60
1179,42
1180,69
1181,89
1182,14
1183,63
1184,15
1185,49
1186,63
1187,85
1188,12
1189,38
1190,66
1191,8
1192,27
1193,83
1194,12
1195,93
1196,51
1197,21
1198,52
1199,66
1200,43
1201,77
1202,55
1203,36
1204,57
1205,69
1206,5
1207,29
1208,41
1209,14
1210,41
1211,7
1212,58
1213,60
1214,26
1215,88
1216,19
1217,19
1218,75
1219,5
1220,81
1221,69
1222,77
1223,23
1224,42
1225,92
1226,31
1227,34
1228,36
1229,30
1230,64
1231,82
1232,88
1233,7
1234,38
1235,57
1236,70
1237,60
1238,35
1239,41
1240,79
1241,90
1242,13
1243,28
1244,7
1245,6
1246,84
1247,76
1248,88
1249,28
1250,98
1251,96
1252,93
1253,64
1254,45
1255,54
1256,26
1257,79
1258,70
1259,46
1260,89
1261,89
1262,64
1263,42
1264,39
1265,53
1266,50
1267,50
1268,56
1269,84
1270,46
1271,13
1272,5
1273,51
1274,5
1275,56
1276,68
1277,83
1278,92
1279,93
1280,16
1281,18
1282,37
1283,97
1284,13
1285,67
1286,41
1287,11
1288,78
1289,41
1290,79
1291,37
1292,59
1293,59
1294,11
1295,16
1296,17
1297,64
1298,90
1299,47
1300,97
1301,88
1302,31
1303,45
1304,0
1305,68
1306,33
1307,49
1308,0
1309,6
1310,53
1311,72
1312,4
1313,66
1314,37
1315,11
1316,6
1317,70
1318,9
1319,45
1320,34
1321,48
1322,71
1323,37
1324,42
1325,6
1326,91
1327,58
1328,21
1329,17
1330,1
1331,5
1332,65
1333,13
1334,15
1335,47
1336,38
1337,63
1338,61
1339,28
1340,99
1341,20
1342,88
1343,74
1344,53
1345,43
1346,59
1347,78
1348,35
1349,42
1350,6
1351,98
1352,27
1353,10
1354,23
1355,68
1356,26
1357,52
1358,17
1359,65
1360,47
1361,12
1362,94
1363,94
1364,76
1365,91
1366,72
1367,11
1368,18
1369,52
1370,92
1371,46
1372,19
1373,0
1374,43
1375,50
1376,43
1377,44
1378,73
1379,7
1380,53
1381,90
1382,8
1383,25
1384,59
1385,29
1386,44
1387,33
1388,38
1389,5
1390,5
1391,41
1392,37
1393,23
1394,68
1395,59
1396,90
1397,43
1398,8
1399,2
1400,18
1401,92
1402,5
1403,88
1404,48
1405,80
1406,37
1407,29
1408,8
1409,88
1410,61
1411,42
1412,76
1413,65
1414,95
1415,94
1416,62
1417,52
1418,44
1419,16
1420,99
1421,68
1422,28
1423,55
1424,47
1425,34
1426,57
1427,13
1428,22
1429,9
1430,13
1431,27
1432,34
1433,42
1434,20
1435,87
1436,91
1437,65
1438,9
1439,37
1440,19
1441,57
1442,44
1443,27
1444,46
1445,13
1446,44
1447,24
1448,10
1449,54
1450,4
1451,56
1452,29
1453,26
1454,51
1455,78
1456,62
1457,53
1458,17
1459,28
1460,28
1461,11
1462,65
1463,48
1464,13
1465,71
1466,95
1467,66
1468,46
1469,8
1470,94
1471,25
1472,70
1473,54
1474,12
1475,86
1476,3
1477,76
1478,13
1479,11
1480,7
1481,91
1482,55
1483,48
1484,51
1485,53
1486,28
1487,9
1488,87
1489,48
1490,30
1491,58
1492,10
1493,31
1494,70
1495,39
1496,3
1497,96
1498,34
1499,26
1500,74
1501,59
1502,64
1503,37
1504,82
1505,14
1506,26
1507,37
1508,94
1509,43
1510,15
1511,78
1512,7
1513,32
1514,9
1515,43
1516,12
1517,27
1518,78
1519,98
1520,55
1521,11
1522,69
1523,66
1524,21
1525,20
1526,54
1527,48
1528,86
1529,48
1530,55
1531,4
1532,6
1533,54
1534,69
1535,47
1536,62
1537,57
1538,85
1539,73
1540,16
1541,2
1542,82
1543,38
1544,59
1545,90
1546,39
1547,79
1548,25
1549,44
1550,16
1551,71
1552,17
1553,49
1554,69
1555,74
1556,63
1557,28
1558,56
1559,43
1560,82
1561,11
1562,9
1563,17
1564,31
1565,96
1566,52
1567,36
1568,58
1569,79
1570,42
1571,78
1572,15
1573,15
1574,79
1575,56
1576,4
1577,72
1578,57
1579,5
1580,76
1581,84
1582,52
1583,79
1584,64
1585,3
1586,22
1587,84
1588,15
1589,83
1590,19
1591,64
1592,61
1593,33
1594,22
1595,76
1596,52
1597,87
1598,92
1599,39
1600,60
1601,30
1602,74
1603,29
1604,68
1605,18
1606,23
1607,42
1608,47
1609,2
1610,20
1611,80
1612,24
1613,17
1614,12
1615,55
1616,8
1617,17
1618,67
1619,21
1620,42
1621,21
1622,46
1623,7
1624,21
1625,61
1626,19
1627,41
1628,16
1629,51
1630,92
1631,70
1632,42
1633,84
1634,55
1635,37
1636,52
1637,92
1638,71
1639,17
1640,52
1641,94
1642,25
1643,42
1644,79
1645,66
1646,26
1647,33
1648,7
1649,12
1650,53
1651,88
1652,20
1653,52
1654,29
1655,3
1656,48
1657,25
1658,10
1659,56
1660,68
1661,27
1662,13
1663,92
1664,12
1665,46
1666,76
1667,67
1668,27
1669,2
1670,99
1671,48
1672,3
1673,46
1674,20
1675,8
1676,55
1677,57
1678,63
1679,7
1680,10
1681,52
1682,98
1683,52
1684,90
1685,69
1686,78
1687,15
1688,78
1689,45
1690,22
1691,13
1692,91
1693,86
1694,85
1695,33
1696,61
1697,93
1698,34
1699,24
1700,56
1701,16
1702,62
1703,38
1704,55
1705,29
1706,53
1707,7
1708,38
1709,17
1710,40
1711,91
1712,26
1713,82
1714,10
1715,21
1716,30
1717,50
1718,52
1719,57
1720,16
1721,81
1722,30
1723,72
1724,47
1725,29
1726,62
1727,95
1728,18
1729,61
1730,2
1731,74
1732,21
1733,87
1734,20
1735,69
1736,37
1737,59
1738,0
1739,78
1740,25
1741,85
1742,54
1743,53
1744,73
1745,69
1746,3
1747,35
1748,49
1749,96
1750,73
1751,99
1752,97
1753,89
1754,31
1755,54
1756,90
1757,45
1758,11
1759,1
1760,51
1761,28
1762,79
1763,52
1764,54
1765,9
1766,40
1767,14
1768,45
1769,27
1770,12
1771,42
1772,44
1773,29
1774,59
1775,8
1776,17
1777,56
1778,46
1779,51
1780,1
1781,82
1782,51
1783,34
1784,86
1785,96
1786,86
1787,93
1788,29
1789,20
1790,93
1791,2
1792,25
1793,91
1794,43
1795,65
1796,64
1797,90
1798,62
1799,34
1800,11
1801,93
1802,68
1803,59
1804,6
1805,79
1806,22
1807,22
1808,86
1809,10
1810,1
1811,75
1812,48
1813,5
1814,90
1815,67
1816,99
1817,37
1818,82
1819,76
1820,66
1821,92
1822,65
1823,77
1824,70
1825,12
1826,91
1827,53
1828,95
1829,48
1830,52
1831,95
1832,49
1833,11
1834,3
1835,17
1836,80
1837,94
1838,27
1839,87
1840,49
1841,27
1842,57
1843,42
1844,73
1845,28
1846,16
1847,99
1848,46
1849,31
1850,58
1851,2
1852,73
1853,21
1854,83
1855,52
1856,56
1857,28
1858,17
1859,53
1860,71
1861,7
1862,94
1863,53
1864,89
1865,10
1866,28
1867,7
1868,97
1869,79
1870,53
1871,87
1872,42
1873,17
1874,69
1875,22
1876,17
1877,6
1878,53
1879,68
1880,44
1881,89
1882,15
1883,80
1884,45
1885,95
1886,37
1887,80
1888,28
1889,25
1890,23
1891,52
1892,24
1893,21
1894,91
1895,99
1896,15
1897,21
1898,59
1899,9
1900,13
1901,88
1902,93
1903,61
1904,17
1905,44
1906,49
1907,13
1908,78
1909,94
1910,40
1911,60
1912,80
1913,58
1914,18
1915,88
1916,18
1917,45
1918,36
1919,26
1920,74
1921,88
1922,29
1923,3
1924,65
1925,0
1926,42
1927,22
1928,47
1929,65
1930,12
1931,69
1932,9
1933,78
1934,18
1935,69
1936,46
1937,97
1938,29
1939,25
1940,64
1941,98
1942,65
1943,36
1944,87
1945,84
1946,18
1947,20
1948,36
1949,63
1950,76
1951,29
1952,63
1953,6
1954,30
1955,99
1956,28
1957,21
1958,38
1959,83
1960,1
1961,31
1962,49
1963,39
1964,66
1965,66
1966,53
1967,54
1968,41
1969,36
1970,10
1971,88
1972,30
1973,19
1974,95
1975,41
1976,89
1977,65
1978,46
1979,78
1980,37
1981,31
1982,22
1983,2
1984,99
1985,13
1986,73
1987,51
1988,95
1989,2
1990,38
1991,98
1992,28
1993,33
1994,42
1995,44
1996,88
1997,10
1998,12
1999,8
2000,92
2001,41
2002,66
2003,65
2004,17
2005,18
2006,99
2007,11
2008,67
2009,63
2010,63
2011,69
2012,58
2013,96
2014,77
2015,1
2016,36
2017,53
2018,83
2019,13
2020,98
2021,21
2022,11
2023,39
2024,49
2025,81
2026,46
2027,21
2028,22
2029,89
2030,30
2031,85
2032,52
2033,48
2034,35
2035,38
2036,43
2037,39
2038,82
2039,43
2040,12
2041,21
2042,18
2043,40
2044,5
2045,25
2046,63
2047,78
2048,42
2049,40
2050,55
2051,15
2052,39
2053,49
2054,93
2055,39
2056,14
2057,9
2058,53
2059,66
2060,12
2061,57
2062,5
2063,17
2064,97
2065,37
2066,48
2067,79
2068,5
2069,83
2070,16
2071,89
2072,48
2073,54
2074,8
2075,67
2076,95
2077,0
2078,19
2079,14
2080,29
2081,20
2082,48
2083,36
2084,76
2085,95
2086,20
2087,52
2088,57
2089,67
2090,74
2091,71
2092,21
2093,8
2094,91
2095,92
2096,87
2097,91
2098,16
2099,86
2100,58
2101,89
2102,97
2103,83
2104,72
2105,85
2106,16
2107,3
2108,20
2109,10
2110,74
2111,49
2112,56
2113,91
2114,56
2115,92
2116,19
2117,97
2118,28
2119,11
2120,41
2121,13
2122,90
2123,89
2124,86
2125,22
2126,41
2127,97
2128,27
2129,87
2130,21
2131,34
2132,36
2133,90
2134,94
2135,71
2136,31
2137,62
2138,95
2139,33
2140,38
2141,32
2142,41
2143,24
2144,89
2145,15
2146,81
2147,8
2148,48
2149,30
2150,52
2151,79
2152,20
2153,68
2154,16
2155,78
2156,45
2157,29
2158,38
2159,52
2160,42
2161,20
2162,98
2163,24
2164,76
2165,49
2166,44
2167,11
2168,51
2169,22
2170,11
2171,89
2172,78
2173,44
2174,26
2175,53
2176,10
2177,41
2178,12
2179,2
2180,3
2181,86
2182,19
2183,56
2184,63
2185,79
2186,73
2187,98
2188,42
2189,22
2190,6
2191,59
2192,14
2193,87
2194,35
2195,87
2196,49
2197,91
2198,17
2199,53
2200,51
2201,7
2202,99
2203,13
2204,5
2205,66
2206,65
2207,73
2208,73
2209,41
2210,14
2211,42
2212,86
2213,10
2214,90
2215,44
2216,24
2217,20
2218,69
2219,97
2220,88
2221,4
2222,26
2223,22
2224,19
2225,67
2226,73
2227,84
2228,98
2229,6
2230,46
2231,29
2232,51
2233,29
2234,62
2235,60
2236,68
2237,44
2238,83
2239,57
2240,41
2241,90
2242,48
2243,82
2244,67
2245,10
2246,28
2247,71
2248,79
2249,43
2250,17
2251,5
2252,17
2253,7
2254,84
2255,57
2256,18
2257,57
2258,68
2259,26
2260,59
2261,63
2262,87
2263,99
2264,3
2265,66
2266,38
2267,15
2268,75
2269,20
2270,47
2271,0
2272,14
2273,12
2274,62
2275,72
2276,63
2277,69
2278,3
2279,1
2280,73
2281,34
2282,74
2283,47
2284,12
2285,37
2286,60
2287,21
2288,96
2289,12
2290,16
2291,19
2292,40
2293,70
2294,61
2295,10
2296,57
2297,81
2298,68
2299,37
2300,28
2301,38
2302,10
2303,47
2304,76
2305,11
2306,95
2307,23
2308,44
2309,3
2310,19
2311,29
2312,80
2313,54
2314,9
2315,15
2316,2
2317,26
2318,65
2319,32
2320,12
2321,58
2322,73
2323,76
2324,95
2325,67
2326,95
2327,26
2328,70
2329,96
2330,25
2331,29
2332,51
2333,44
2334,45
2335,60
2336,34
2337,97
2338,1
2339,93
2340,42
2341,38
2342,97
2343,92
2344,44
2345,38
2346,95
2347,78
2348,5
2349,34
2350,76
2351,20
2352,74
2353,30
2354,69
2355,59
2356,34
2357,77
2358,11
2359,66
2360,31
2361,73
2362,87
2363,90
2364,18
2365,50
2366,38
2367,13
2368,20
2369,90
2370,66
2371,70
2372,37
2373,76
2374,43
2375,0
2376,90
2377,1
2378,5
2379,37
2380,41
2381,36
2382,20
2383,59
2384,74
2385,25
2386,20
2387,10
2388,98
2389,20
2390,32
2391,35
2392,90
2393,72
2394,61
2395,43
2396,58
2397,36
2398,99
2399,60
2400,70
2401,38
2402,96
2403,26
2404,56
2405,99
2406,83
2407,23
2408,52
2409,32
2410,54
2411,33
2412,61
2413,85
2414,53
2415,15
2416,50
2417,31
2418,12
2419,86
2420,55
2421,58
2422,94
2423,95
2424,45
2425,70
2426,0
2427,11
2428,16
2429,33
2430,53
2431,33
2432,94
2433,46
2434,99
2435,34
2436,1
2437,59
2438,74
2439,69
2440,66
2441,37
2442,67
2443,40
2444,93
2445,24
2446,82
2447,23
2448,30
2449,66
2450,30
2451,11
2452,11
2453,94
2454,88
2455,37
2456,29
2457,46
2458,95
2459,54
2460,41
2461,6
2462,19
2463,22
2464,3
2465,91
2466,93
2467,53
2468,72
2469,33
2470,20
2471,63
2472,76
2473,85
2474,37
2475,22
2476,75
2477,8
2478,96
2479,66
2480,4
2481,72
2482,91
2483,84
2484,58
2485,96
2486,65
2487,8
2488,0
2489,19
2490,50
2491,23
2492,85
2493,68
2494,86
2495,37
2496,68
2497,46
2498,48
2499,8
2500,23
2501,76
2502,74
2503,89
2504,60
2505,69
2506,52
2507,32
2508,29
2509,66
2510,9
2511,16
2512,0
2513,74
2514,37
2515,79
2516,62
2517,6
2518,34
2519,65
2520,8
2521,46
2522,67
2523,53
2524,49
2525,78
2526,61
2527,26
2528,64
2529,25
2530,70
2531,52
2532,67
2533,22
2534,45
2535,36
2536,96
2537,79
2538,23
2539,76
2540,26
2541,57
2542,39
2543,64
2544,42
2545,82
2546,66
2547,83
2548,66
2549,71
2550,9
2551,60
2552,2
2553,43
2554,29
2555,29
2556,58
2557,94
2558,5
2559,83
2560,62
2561,26
2562,39
2563,86
2564,93
2565,16
2566,81
2567,27
2568,76
2569,89
2570,42
2571,18
2572,14
2573,3
2574,73
2575,23
2576,20
2577,20
2578,16
2579,51
2580,88
2581,5
2582,25
2583,64
2584,59
2585,77
2586,22
2587,3
2588,12
2589,28
2590,12
2591,13
2592,73
2593,35
2594,52
2595,44
2596,99
2597,37
2598,31
2599,50
2600,87
2601,44
2602,85
2603,58
2604,57
2605,45
2606,94
2607,5
2608,11
2609,81
2610,2
2611,30
2612,96
2613,69
2614,4
2615,72
2616,75
2617,31
2618,97
2619,4
2620,84
2621,71
2622,29
2623,27
2624,89
2625,99
2626,83
2627,39
2628,59
2629,59
2630,12
2631,96
2632,16
2633,36
2634,64
2635,27
2636,13
2637,37
2638,46
2639,85
2640,65
2641,70
2642,78
2643,6
2644,93
2645,70
2646,7
2647,42
2648,0
2649,41
2650,39
2651,87
2652,42
2653,44
2654,47
2655,95
2656,10
2657,21
2658,63
2659,72
2660,12
2661,20
2662,85
2663,78
2664,96
2665,13
2666,92
2667,98
2668,84
2669,75
2670,22
2671,4
2672,59
2673,72
2674,61
2675,89
2676,57
2677,44
2678,42
2679,14
2680,91
2681,42
2682,44
2683,42
2684,20
2685,35
2686,16
2687,45
2688,91
2689,88
2690,85
2691,28
2692,27
2693,83
2694,54
2695,38
2696,71
2697,77
2698,13
2699,56
2700,76
2701,37
2702,64
2703,63
2704,55
2705,46
2706,75
2707,90
2708,26
2709,60
2710,49
2711,50
2712,15
2713,11
2714,78
2715,94
2716,86
2717,25
2718,11
2719,13
2720,72
2721,22
2722,52
2723,44
2724,90
2725,95
2726,18
2727,7
2728,89
2729,39
2730,71
2731,69
2732,72
2733,66
2734,96
2735,68
2736,10
2737,36
2738,75
2739,36
2740,82
2741,88
2742,38
2743,36
2744,81
2745,72
2746,72
2747,25
2748,96
2749,68
2750,44
2751,7
2752,53
2753,56
2754,32
2755,46
2756,34
2757,83
2758,74
2759,57
2760,43
2761,77
2762,87
2763,26
2764,42
2765,5
2766,79
2767,85
2768,38
2769,32
2770,59
2771,5
2772,73
2773,32
2774,15
2775,24
2776,77
2777,2
2778,88
2779,49
2780,46
2781,38
2782,62
2783,7
2784,6
2785,61
2786,27
2787,20
2788,41
2789,25
2790,10
2791,43
2792,23
2793,21
2794,73
2795,12
2796,88
2797,10
2798,65
2799,66
2800,96
2801,59
2802,20
2803,45
2804,46
2805,88
2806,83
2807,93
2808,93
2809,4
2810,60
2811,96
2812,61
2813,68
2814,92
2815,22
2816,84
2817,87
2818,67
2819,91
2820,38
2821,36
2822,9
2823,63
2824,83
2825,50
2826,8
2827,42
2828,34
2829,69
2830,32
2831,82
2832,13
2833,48
2834,15
2835,97
2836,22
2837,8
2838,18
2839,79
2840,98
2841,74
2842,97
2843,13
2844,78
2845,88
2846,46
2847,18
2848,20
2849,74
2850,17
2851,60
2852,79
2853,84
2854,53
2855,37
2856,82
2857,44
2858,3
2859,7
2860,27
2861,14
2862,38
2863,46
2864,21
2865,0
2866,10
2867,84
2868,11
2869,41
2870,53
2871,89
2872,78
2873,31
2874,46
2875,68
2876,47
2877,52
2878,46
2879,95
2880,70
2881,71
2882,58
2883,38
2884,27
2885,8
2886,52
2887,27
2888,3
2889,68
2890,53
2891,3
2892,68
2893,39
2894,22
2895,48
2896,92
2897,21
2898,58
2899,11
2900,21
2901,80
2902,1
2903,53
2904,29
2905,93
2906,14
2907,91
2908,71
2909,88
2910,98
2911,89
2912,27
2913,60
2914,64
2915,94
2916,61
2917,20
2918,83
2919,21
2920,50
2921,99
2922,5
2923,11
2924,10
2925,88
2926,7
2927,67
2928,25
2929,31
2930,65
2931,59
2932,30
2933,97
2934,97
2935,46
2936,22
2937,51
2938,84
2939,18
2940,78
2941,33
2942,88
2943,7
2944,5
2945,22
2946,15
2947,67
2948,15
2949,35
2950,71
2951,41
2952,46
2953,92
2954,76
2955,19
2956,89
2957,90
2958,30
2959,42
2960,0
2961,75
2962,65
2963,8
2964,36
2965,20
2966,7
2967,64
2968,24
2969,73
2970,67
2971,98
2972,82
2973,87
2974,31
2975,14
2976,49
2977,47
2978,65
2979,77
2980,51
2981,61
2982,91
2983,46
2984,66
2985,29
2986,97
2987,16
2988,0
2989,82
2990,43
2991,23
2992,89
2993,9
2994,16
2995,68
2996,2
2997,69
2998,44
2999,69
3000,38
3001,29
3002,40
3003,35
3004,30
3005,0
3006,88
3007,49
3008,7
3009,88
3010,93
3011,46
3012,98
3013,96
3014,83
3015,94
3016,72
3017,90
3018,75
3019,44
3020,14
3021,71
3022,36
3023,3
3024,78
3025,21
3026,13
3027,8
3028,83
3029,50
3030,79
3031,55
3032,33
3033,21
3034,60
3035,8
3036,84
3037,70
3038,6
3039,33
3040,87
3041,27
3042,86
3043,27
3044,8
3045,46
3046,5
3047,44
3048,75
3049,44
3050,74
3051,80
3052,54
3053,94
3054,48
3055,41
3056,53
3057,14
3058,55
3059,10
3060,85
3061,7
3062,98
3063,95
3064,38
3065,67
3066,0
3067,72
3068,46
3069,27
3070,18
3071,73
3072,25
3073,96
3074,42
3075,75
3076,13
3077,69
3078,10
3079,24
3080,87
3081,11
3082,69
3083,86
3084,52
3085,84
3086,63
3087,22
3088,31
3089,82
3090,14
3091,22
3092,26
3093,54
3094,75
3095,45
3096,17
3097,76
3098,56
3099,4
3100,37
3101,99
3102,66
3103,7
3104,42
3105,24
3106,13
3107,6
3108,37
3109,16
3110,17
3111,48
3112,44
3113,63
3114,19
3115,82
3116,46
3117,33
3118,21
3119,86
3120,30
3121,3
3122,9
3123,57
3124,92
3125,43
3126,35
3127,93
3128,62
3129,88
3130,64
3131,78
3132,48
3133,36
3134,1
3135,43
3136,34
3137,71
3138,46
3139,39
3140,18
3141,57
3142,67
3143,63
3144,95
3145,41
3146,76
3147,30
3148,43
3149,94
3150,13
3151,74
3152,71
3153,15
3154,52
3155,65
3156,30
3157,64
3158,30
3159,71
3160,46
3161,74
3162,36
3163,76
3164,47
3165,17
3166,31
3167,76
3168,88
3169,4
3170,63
3171,2
3172,77
3173,49
3174,70
3175,17
3176,80
3177,89
3178,3
3179,88
3180,26
3181,41
3182,79
3183,32
3184,41
3185,66
3186,20
3187,98
3188,26
3189,17
3190,1
3191,32
3192,42
3193,85
3194,72
3195,52
3196,24
3197,13
3198,46
3199,14
3200,42
3201,40
3202,33
3203,20
3204,68
3205,23
3206,92
3207,24
3208,72
3209,78
3210,22
3211,70
3212,79
3213,73
3214,45
3215,84
3216,9
3217,92
3218,52
3219,97
3220,33
3221,67
3222,21
3223,90
3224,70
3225,57
3226,25
3227,54
3228,69
3229,45
3230,41
3231,4
3232,16
3233,92
3234,7
3235,86
3236,13
3237,90
3238,16
3239,76
3240,48
3241,50
3242,37
3243,49
3244,60
3245,36
3246,37
3247,39
3248,72
3249,91
3250,70
3251,90
3252,44
3253,61
3254,63
3255,21
3256,48
3257,36
3258,31
3259,66
3260,84
3261,70
3262,44
3263,19
3264,74
3265,74
3266,96
3267,49
3268,32
3269,79
3270,98
3271,86
3272,73
3273,50
3274,89
3275,44
3276,13
3277,99
3278,27
3279,69
3280,87
3281,26
3282,22
3283,50
3284,90
3285,49
3286,25
3287,91
3288,90
3289,71
3290,49
3291,42
3292,57
3293,20
3294,63
3295,67
3296,71
3297,91
3298,39
3299,20
3300,73
3301,52
3302,69
3303,56
3304,28
3305,51
3306,29
3307,92
3308,92
3309,43
3310,30
3311,82
3312,99
3313,11
3314,79
3315,11
3316,9
3317,20
3318,79
3319,15
3320,87
3321,37
3322,20
3323,60
3324,33
3325,67
3326,92
3327,73
3328,88
3329,38
3330,90
3331,10
3332,77
3333,84
3334,16
3335,18
3336,80
3337,51
3338,42
3339,68
3340,18
3341,7
3342,38
3343,6
3344,57
3345,21
3346,42
3347,39
3348,10
3349,20
3350,16
3351,19
3352,51
3353,1
3354,14
3355,53
3356,7
3357,60
3358,53
3359,90
3360,43
3361,62
3362,19
3363,76
3364,84
3365,46
3366,32
3367,54
3368,34
3369,88
3370,65
3371,72
3372,65
3373,10
3374,84
3375,7
3376,48
3377,13
3378,94
3379,42
3380,72
3381,74
3382,78
3383,68
3384,6
3385,24
3386,82
3387,43
3388,71
3389,31
3390,75
3391,26
3392,49
3393,98
3394,25
3395,54
3396,38
3397,21
3398,81
3399,99
3400,11
3401,31
3402,82
3403,56
3404,3
3405,29
3406,92
3407,8
3408,93
3409,20
3410,12
3411,3
3412,89
3413,0
3414,23
3415,16
3416,59
3417,7
3418,26
3419,93
3420,26
3421,53
3422,77
3423,19
3424,49
3425,35
3426,39
3427,27
3428,26
3429,82
3430,5
3431,28
3432,1
3433,56
3434,26
3435,57
3436,60
3437,18
3438,72
3439,23
3440,56
3441,52
3442,21
3443,50
3444,9
3445,41
3446,24
3447,75
3448,5
3449,32
3450,12
3451,57
3452,84
3453,76
3454,65
3455,60
3456,21
3457,33
3458,76
3459,29
3460,57
3461,75
3462,32
3463,39
3464,96
3465,59
3466,49
3467,8
3468,29
3469,35
3470,39
3471,71
3472,46
3473,3
3474,41
3475,66
3476,37
3477,8
3478,13
3479,78
3480,31
3481,11
3482,52
3483,73
3484,89
3485,2
3486,14
3487,97
3488,30
3489,95
3490,1
3491,12
3492,57
3493,77
3494,23
3495,73
3496,72
3497,83
3498,66
3499,1
3500,12
3501,38
3502,51
3503,29
3504,74
3505,44
3506,99
3507,10
3508,8
3509,34
3510,0
3511,7
3512,70
3513,37
3514,64
3515,79
3516,83
3517,31
3518,0
3519,48
3520,85
3521,62
3522,18
3523,90
3524,40
3525,48
3526,26
3527,2
3528,66
3529,24
3530,95
3531,53
3532,89
3533,64
3534,11
3535,46
3536,32
3537,58
3538,97
3539,56
3540,78
3541,60
3542,79
3543,41
3544,28
3545,11
3546,90
3547,43
3548,16
3549,42
3550,84
3551,59
3552,27
3553,17
3554,51
3555,23
3556,31
3557,11
3558,48
3559,82
3560,87
3561,28
3562,7
3563,99
3564,13
3565,66
3566,35
3567,97
3568,20
3569,64
3570,9
3571,90
3572,23
3573,93
3574,79
3575,87
3576,41
3577,98
3578,33
3579,39
3580,49
3581,10
3582,52
3583,12
3584,38
3585,65
3586,39
3587,93
3588,83
3589,93
3590,75
3591,8
3592,53
3593,69
3594,72
3595,23
3596,29
3597,43
3598,88
3599,11
3600,33
3601,62
3602,79
3603,46
3604,73
3605,34
3606,48
3607,34
3608,34
3609,94
3610,88
3611,67
3612,71
3613,97
3614,20
3615,11
3616,77
3617,95
3618,44
3619,45
3620,27
3621,80
3622,84
3623,99
3624,52
3625,70
3626,70
3627,16
3628,88
3629,25
3630,58
3631,79
3632,54
3633,73
3634,50
3635,52
3636,51
3637,78
3638,45
3639,50
3640,17
3641,20
3642,32
3643,37
3644,34
3645,59
3646,5
3647,72
3648,29
3649,93
3650,86
3651,82
3652,78
3653,3
3654,40
3655,58
3656,66
3657,41
3658,38
3659,8
3660,66
3661,95
3662,45
3663,97
3664,36
3665,54
3666,12
3667,70
3668,80
3669,85
3670,28
3671,41
3672,71
3673,64
3674,66
3675,90
3676,7
3677,37
3678,23
3679,54
3680,84
3681,6
3682,8
3683,22
3684,51
3685,75
3686,26
3687,11
3688,30
3689,46
3690,50
3691,92
3692,38
3693,39
3694,66
3695,86
3696,85
3697,0
3698,8
3699,44
3700,53
3701,81
3702,94
3703,85
3704,22
3705,94
3706,17
3707,46
3708,91
3709,77
3710,49
3711,27
3712,0
3713,1
3714,93
3715,48
3716,39
3717,72
3718,38
3719,12
3720,46
3721,12
3722,78
3723,87
3724,2
3725,0
3726,95
3727,90
3728,10
3729,88
3730,10
3731,97
3732,8
3733,63
3734,51
3735,59
3736,47
3737,85
3738,69
3739,65
3740,37
3741,30
3742,51
3743,69
3744,28
3745,42
3746,31
3747,97
3748,48
3749,64
3750,80
3751,0
3752,0
3753,5
3754,45
3755,13
3756,90
3757,85
3758,13
3759,51
3760,34
3761,44
3762,91
3763,85
3764,56
3765,10
3766,98
3767,93
3768,77
3769,13
3770,82
3771,44
3772,66
3773,52
3774,49
3775,0
3776,70
3777,63
3778,8
3779,14
3780,20
3781,26
3782,60
3783,86
3784,55
3785,55
3786,1
3787,94
3788,74
3789,6
3790,20
3791,96
3792,90
3793,87
3794,40
3795,41
3796,49
3797,72
3798,19
3799,78
3800,33
3801,57
3802,42
3803,63
3804,91
3805,63
3806,94
3807,55
3808,59
3809,21
3810,17
3811,47
3812,78
3813,60
3814,44
3815,25
3816,11
3817,97
3818,96
3819,4
3820,46
3821,85
3822,56
3823,34
3824,72
3825,41
3826,87
3827,38
3828,83
3829,45
3830,77
3831,15
3832,47
3833,68
3834,46
3835,87
3836,10
3837,69
3838,49
3839,86
3840,13
3841,36
3842,59
3843,67
3844,54
3845,72
3846,3
3847,82
3848,60
3849,97
3850,40
3851,69
3852,4
3853,94
3854,38
3855,39
3856,87
3857,48
3858,93
3859,38
3860,73
3861,26
3862,1
3863,10
3864,41
3865,47
3866,99
3867,87
3868,13
3869,11
3870,57
3871,26
3872,39
3873,8
3874,64
3875,21
3876,19
3877,97
3878,90
3879,46
3880,74
3881,78
3882,44
3883,44
3884,15
3885,53
3886,55
3887,13
3888,16
3889,75
3890,73
3891,84
3892,84
3893,8
3894,12
3895,25
3896,7
3897,13
3898,7
3899,72
3900,90
3901,86
3902,67
3903,54
3904,44
3905,60
3906,9
3907,54
3908,38
3909,68
3910,25
3911,71
3912,20
3913,89
3914,7
3915,84
3916,72
3917,59
3918,26
3919,18
3920,37
3921,98
3922,97
3923,74
3924,94
3925,5
3926,21
3927,97
3928,23
3929,93
3930,15
3931,17
3932,1
3933,13
3934,29
3935,8
3936,45
3937,28
3938,23
3939,19
3940,88
3941,87
3942,82
3943,26
3944,33
3945,63
3946,28
3947,13
3948,91
3949,76
3950,76
3951,97
3952,10
3953,62
3954,17
3955,78
3956,56
3957,75
3958,0
3959,79
3960,37
3961,42
3962,51
3963,38
3964,71
3965,96
3966,7
3967,40
3968,51
3969,96
3970,37
3971,41
3972,66
3973,67
3974,41
3975,82
3976,14
3977,23
3978,14
3979,98
3980,11
3981,7
3982,65
3983,64
3984,33
3985,19
3986,1
3987,29
3988,38
3989,75
3990,28
3991,31
3992,60
3993,79
3994,63
3995,6
3996,64
3997,31
3998,21
3999,52
4000,71
4001,1
4002,26
4003,34
4004,66
4005,77
4006,2
4007,37
4008,7
4009,70
4010,20
4011,93
4012,41
4013,83
4014,87
4015,46
4016,30
4017,30
4018,46
4019,85
4020,32
4021,14
4022,51
4023,24
4024,5
4025,49
4026,61
4027,89
4028,48
4029,46
4030,7
4031,94
4032,37
4033,94
4034,94
4035,52
4036,11
4037,61
4038,41
4039,50
4040,84
4041,76
4042,18
4043,64
4044,66
4045,62
4046,46
4047,41
4048,69
4049,34
4050,2
4051,45
4052,22
4053,94
4054,99
4055,45
4056,11
4057,44
4058,32
4059,38
4060,56
4061,20
4062,92
4063,54
4064,75
4065,89
4066,83
4067,27
4068,95
4069,71
4070,14
4071,2
4072,43
4073,96
4074,95
4075,66
4076,13
4077,9
4078,44
4079,99
4080,87
4081,79
4082,98
4083,59
4084,18
4085,45
4086,52
4087,94
4088,49
4089,33
4090,72
4091,26
4092,71
4093,76
4094,21
4095,81
4096,30
4097,99
4098,64
4099,92
4100,0
4101,72
4102,4
4103,82
4104,13
4105,69
4106,8
4107,3
4108,74
4109,89
4110,98
4111,22
4112,92
4113,79
4114,86
4115,72
4116,32
4117,38
4118,42
4119,65
4120,10
4121,68
4122,17
4123,85
4124,49
4125,20
4126,4
4127,75
4128,48
4129,13
4130,60
4131,42
4132,62
4133,17
4134,13
4135,14
4136,59
4137,59
4138,38
4139,70
4140,79
4141,46
4142,49
4143,44
4144,0
4145,26
4146,45
4147,48
4148,1
4149,33
4150,57
4151,10
4152,81
4153,97
4154,44
4155,43
4156,63
4157,4
4158,37
4159,20
4160,49
4161,19
4162,22
4163,26
4164,21
4165,79
4166,40
4167,68
4168,38
4169,73
4170,46
4171,94
4172,68
4173,13
4174,10
4175,83
4176,46
4177,38
4178,35
4179,60
4180,11
4181,21
4182,34
4183,39
4184,65
4185,13
4186,20
4187,21
4188,78
4189,68
4190,88
4191,93
4192,49
4193,69
4194,17
4195,73
4196,13
4197,63
4198,74
4199,28
4200,37
4201,13
4202,95
4203,26
4204,22
4205,24
4206,22
4207,23
4208,94
4209,60
4210,90
4211,8
4212,68
4213,52
4214,20
4215,72
4216,54
4217,53
4218,3
4219,4
4220,42
4221,53
4222,27
4223,87
4224,47
4225,93
4226,5
4227,2
4228,71
4229,54
4230,54
4231,17
4232,56
4233,54
4234,15
4235,76
4236,19
4237,24
4238,42
4239,8
4240,55
4241,77
4242,75
4243,66
4244,93
4245,94
4246,27
4247,46
4248,75
4249,44
4250,37
4251,8
4252,61
4253,84
4254,72
4255,34
4256,37
4257,2
4258,86
4259,84
4260,90
4261,59
4262,95
4263,29
4264,34
4265,46
4266,43
4267,72
4268,18
4269,51
4270,87
4271,91
4272,41
4273,93
4274,72
4275,93
4276,19
4277,34
4278,44
4279,79
4280,79
4281,37
4282,73
4283,97
4284,45
4285,97
4286,44
4287,86
4288,29
4289,0
4290,19
4291,84
4292,91
4293,75
4294,97
4295,50
4296,13
4297,10
4298,74
4299,85
4300,15
4301,32
4302,7
4303,42
4304,26
4305,3
4306,25
4307,13
4308,50
4309,56
4310,60
4311,30
4312,22
4313,34
4314,84
4315,1
4316,58
4317,35
4318,89
4319,77
4320,42
4321,22
4322,87
4323,97
4324,46
4325,9
4326,32
4327,12
4328,32
4329,8
4330,96
4331,61
4332,57
4333,88
4334,9
4335,13
4336,70
4337,32
4338,8
4339,5
4340,0
4341,34
4342,75
4343,68
4344,27
4345,15
4346,83
4347,43
4348,10
4349,3
4350,48
4351,67
4352,89
4353,59
4354,65
4355,28
4356,92
4357,40
4358,49
4359,98
4360,57
4361,16
4362,56
4363,28
4364,75
4365,50
4366,13
4367,10
4368,83
4369,22
4370,59
4371,93
4372,36
4373,51
4374,6
4375,74
4376,82
4377,1
4378,97
4379,89
4380,56
4381,37
4382,5
4383,39
4384,25
4385,98
4386,29
4387,58
4388,79
4389,54
4390,64
4391,1
4392,7
4393,46
4394,51
4395,45
4396,70
4397,27
4398,96
4399,11
4400,7
4401,95
4402,27
4403,83
4404,89
4405,7
4406,59
4407,7
4408,49
4409,5
4410,80
4411,53
4412,75
4413,55
4414,64
4415,15
4416,69
4417,51
4418,7
4419,19
4420,2
4421,68
4422,24
4423,75
4424,75
4425,41
4426,13
4427,44
4428,41
4429,31
4430,50
4431,18
4432,43
4433,0
4434,81
4435,15
4436,7
4437,17
4438,83
4439,92
4440,79
4441,34
4442,74
4443,86
4444,20
4445,50
4446,72
4447,14
4448,86
4449,88
4450,98
4451,4
4452,77
4453,1
4454,79
4455,12
4456,87
4457,18
4458,65
4459,26
4460,52
4461,48
4462,83
4463,58
4464,37
4465,96
4466,94
4467,50
4468,13
4469,55
4470,97
4471,10
4472,7
4473,21
4474,19
4475,22
4476,51
4477,75
4478,75
4479,73
4480,5
4481,75
4482,6
4483,75
4484,35
4485,19
4486,79
4487,48
4488,18
4489,12
4490,32
4491,3
4492,60
4493,38
4494,12
4495,77
4496,43
4497,38
4498,85
4499,52
4500,46
4501,66
4502,62
4503,93
4504,83
4505,38
4506,58
4507,12
4508,38
4509,38
4510,27
4511,81
4512,21
4513,29
4514,51
4515,58
4516,88
4517,89
4518,12
4519,15
4520,10
4521,37
4522,95
4523,25
4524,95
4525,26
4526,98
4527,33
4528,40
4529,50
4530,59
4531,14
4532,63
4533,72
4534,53
4535,91
4536,81
4537,73
4538,16
4539,32
4540,90
4541,96
4542,52
4543,41
4544,11
4545,29
4546,93
4547,56
4548,38
4549,29
4550,65
4551,46
4552,92
4553,52
4554,75
4555,78
4556,60
4557,70
4558,36
4559,75
4560,2
4561,8
4562,61
4563,72
4564,7
4565,18
4566,73
4567,70
4568,22
4569,7
4570,28
4571,67
4572,53
4573,28
4574,11
4575,54
4576,44
4577,66
4578,41
4579,4
4580,95
4581,47
4582,52
4583,59
4584,68
4585,21
4586,58
4587,92
4588,13
4589,7
4590,18
4591,24
4592,95
4593,99
4594,14
4595,86
4596,44
4597,76
4598,68
4599,79
4600,70
4601,64
4602,97
4603,4
4604,7
4605,40
4606,43
4607,61
4608,33
4609,42
4610,89
4611,42
4612,38
4613,92
4614,24
4615,49
4616,7
4617,52
4618,66
4619,99
4620,27
4621,34
4622,65
4623,46
4624,54
4625,29
4626,10
4627,21
4628,55
4629,22
4630,90
4631,94
4632,29
4633,81
4634,43
4635,21
4636,66
4637,57
4638,5
4639,37
4640,0
4641,1
4642,56
4643,30
4644,3
4645,93
4646,8
4647,88
4648,98
4649,55
4650,69
4651,68
4652,72
4653,1
4654,11
4655,92
4656,22
4657,52
4658,90
4659,1
4660,85
4661,23
4662,27
4663,89
4664,28
4665,56
4666,7
4667,79
4668,20
4669,18
4670,5
4671,79
4672,18
4673,96
4674,68
4675,24
4676,10
4677,42
4678,13
4679,88
4680,81
4681,87
4682,60
4683,9
4684,70
4685,96
4686,7
4687,64
4688,70
4689,25
4690,46
4691,89
4692,93
4693,58
4694,37
4695,91
4696,3
4697,57
4698,75
4699,37
4700,80
4701,70
4702,64
4703,34
4704,48
4705,54
4706,14
4707,32
4708,9
4709,31
4710,77
4711,43
4712,33
4713,65
4714,31
4715,63
4716,1
4717,99
4718,93
4719,33
4720,74
4721,93
4722,20
4723,60
4724,89
4725,40
4726,96
4727,92
4728,46
4729,47
4730,52
4731,89
4732,6
4733,93
4734,94
4735,70
4736,15
4737,96
4738,26
4739,95
4740,13
4741,41
4742,14
4743,30
4744,76
4745,21
4746,82
4747,52
4748,58
4749,42
4750,46
4751,14
4752,43
4753,32
4754,34
4755,83
4756,13
4757,19
4758,31
4759,67
4760,70
4761,65
4762,32
4763,60
4764,23
4765,8
4766,65
4767,53
4768,96
4769,93
4770,30
4771,22
4772,7
4773,5
4774,33
4775,14
4776,95
4777,23
4778,63
4779,22
4780,57
4781,24
4782,23
4783,72
4784,72
4785,82
4786,50
4787,19
4788,13
4789,98
4790,26
4791,72
4792,83
4793,12
4794,76
4795,52
4796,24
4797,70
4798,41
4799,86
4800,39
4801,31
4802,37
4803,71
4804,39
4805,67
4806,87
4807,17
4808,37
4809,39
4810,98
4811,54
4812,88
4813,45
4814,61
4815,24
4816,69
4817,42
4818,9
4819,98
4820,50
4821,58
4822,76
4823,47
4824,4
4825,84
4826,95
4827,88
4828,79
4829,7
4830,10
4831,62
4832,82
4833,97
4834,46
4835,6
4836,46
4837,86
4838,85
4839,83
4840,7
4841,69
4842,38
4843,8
4844,33
4845,61
4846,11
4847,20
4848,9
4849,37
4850,63
4851,82
4852,8
4853,72
4854,77
4855,16
4856,42
4857,46
4858,23
4859,22
4860,75
4861,78
4862,11
4863,40
4864,85
4865,7
4866,68
4867,31
4868,91
4869,28
4870,58
4871,55
4872,91
4873,19
4874,32
4875,44
4876,98
4877,27
4878,34
4879,17
4880,20
4881,58
4882,29
4883,85
4884,85
4885,20
4886,2
4887,81
4888,8
4889,19
4890,16
4891,16
4892,48
4893,90
4894,15
4895,55
4896,53
4897,99
4898,66
4899,26
4900,88
4901,64
4902,39
4903,41
4904,17
4905,37
4906,6
4907,55
4908,8
4909,73
4910,25
4911,4
4912,2
4913,56
4914,66
4915,26
4916,68
4917,11
4918,20
4919,49
4920,49
4921,72
4922,16
4923,53
4924,86
4925,59
4926,93
4927,48
4928,84
4929,38
4930,17
4931,52
4932,54
4933,94
4934,87
4935,44
4936,79
4937,5
4938,91
4939,28
4940,67
4941,7
4942,5
4943,88
4944,75
4945,23
4946,14
4947,94
4948,57
4949,63
4950,13
4951,4
4952,99
4953,45
4954,32
4955,11
4956,40
4957,59
4958,81
4959,40
4960,48
4961,6
4962,46
4963,70
4964,93
4965,0
4966,14
4967,49
4968,51
4969,4
4970,14
4971,42
4972,80
4973,90
4974,69
4975,47
4976,31
4977,62
4978,62
4979,87
4980,8
4981,13
4982,51
4983,91
4984,42
4985,79
4986,22
4987,18
4988,22
4989,62
4990,54
4991,34
4992,42
4993,33
4994,14
4995,99
4996,80
4997,27
4998,13
4999,39
5000,56
5001,53
5002,82
5003,48
5004,76
5005,82
5006,49
5007,40
5008,58
5009,58
5010,28
5011,37
5012,66
5013,93
5014,68
5015,13
5016,42
5017,35
5018,68
5019,47
5020,81
5021,91
5022,53
5023,23
5024,29
5025,89
5026,11
5027,43
5028,62
5029,15
5030,9
5031,97
5032,41
5033,44
5034,75
5035,20
5036,33
5037,41
5038,7
5039,71
5040,72
5041,17
5042,76
5043,93
5044,88
5045,49
5046,35
5047,54
5048,86
5049,85
5050,63
5051,18
5052,33
5053,49
5054,84
5055,63
5056,78
5057,41
5058,36
5059,37
5060,66
5061,98
5062,76
5063,8
5064,13
5065,53
5066,87
5067,19
5068,40
5069,91
5070,32
5071,88
5072,63
5073,78
5074,99
5075,75
5076,21
5077,4
5078,97
5079,75
5080,50
5081,52
5082,94
5083,61
5084,34
5085,14
5086,31
5087,10
5088,1
5089,80
5090,21
5091,90
5092,98
5093,69
5094,52
5095,26
5096,20
5097,91
5098,68
5099,36
5100,76
5101,5
5102,7
5103,38
5104,49
5105,55
5106,33
5107,32
5108,83
5109,42
5110,58
5111,44
5112,48
5113,15
5114,48
5115,17
5116,16
5117,84
5118,98
5119,15
5120,21
5121,12
5122,59
5123,14
5124,37
5125,75
5126,98
5127,10
5128,31
5129,58
5130,90
5131,43
5132,31
5133,73
5134,23
5135,28
5136,12
5137,50
5138,10
5139,22
5140,25
5141,89
5142,42
5143,74
5144,91
5145,47
5146,5
5147,22
5148,6
5149,58
5150,91
5151,61
5152,91
5153,71
5154,74
5155,82
5156,66
5157,30
5158,47
5159,38
5160,45
5161,54
5162,48
5163,13
5164,85
5165,32
5166,9
5167,21
5168,44
5169,27
5170,0
5171,8
5172,28
5173,27
5174,98
5175,48
5176,81
5177,36
5178,42
5179,86
5180,26
5181,82
5182,89
5183,98
5184,13
5185,42
5186,60
5187,69
5188,12
5189,89
5190,19
5191,24
5192,49
5193,12
5194,71
5195,5
5196,71
5197,46
5198,14
5199,88
5200,44
5201,13
5202,20
5203,11
5204,44
5205,17
5206,18
5207,74
5208,75
5209,18
5210,27
5211,83
5212,60
5213,30
5214,57
5215,94
5216,48
5217,75
5218,15
5219,51
5220,14
5221,93
5222,41
5223,52
5224,52
5225,12
5226,36
5227,87
5228,99
5229,86
5230,5
5231,42
5232,71
5233,64
5234,99
5235,49
5236,22
5237,52
5238,96
5239,5
5240,60
5241,71
5242,72
5243,74
5244,19
5245,56
5246,24
5247,30
5248,76
5249,15
5250,39
5251,16
5252,21
5253,43
5254,38
5255,30
5256,55
5257,35
5258,5
5259,32
5260,82
5261,43
5262,67
5263,52
5264,71
5265,52
5266,47
5267,60
5268,55
5269,16
5270,61
5271,36
5272,90
5273,16
5274,18
5275,73
5276,26
5277,82
5278,13
5279,88
5280,49
5281,96
5282,53
5283,73
5284,33
5285,15
5286,85
5287,89
5288,79
5289,93
5290,18
5291,97
5292,14
5293,15
5294,16
5295,78
5296,6
5297,92
5298,88
5299,64
5300,54
5301,71
5302,6
5303,96
5304,8
5305,73
5306,0
5307,78
5308,92
5309,57
5310,66
5311,48
5312,74
5313,60
5314,89
5315,16
5316,42
5317,58
5318,22
5319,22
5320,75
5321,37
5322,21
5323,60
5324,9
5325,75
5326,83
5327,89
5328,42
5329,88
5330,18
5331,11
5332,62
5333,94
5334,32
5335,95
5336,66
5337,8
5338,40
5339,26
5340,45
5341,26
5342,48
5343,87
5344,59
5345,46
5346,61
5347,97
5348,42
5349,19
5350,41
5351,45
5352,36
5353,29
5354,51
5355,76
5356,74
5357,61
5358,56
5359,55
5360,44
5361,42
5362,8
5363,14
5364,86
5365,61
5366,93
5367,85
5368,95
5369,99
5370,0
5371,80
5372,45
5373,33
5374,49
5375,40
5376,36
5377,98
5378,39
5379,76
5380,95
5381,2
5382,11
5383,93
5384,60
5385,3
5386,51
5387,94
5388,67
5389,6
5390,62
5391,78
5392,28
5393,26
5394,61
5395,29
5396,64
5397,95
5398,4
5399,42
5400,17
5401,99
5402,73
5403,22
5404,83
5405,78
5406,40
5407,97
5408,97
5409,99
5410,52
5411,28
5412,45
5413,28
5414,22
5415,5
5416,46
5417,37
5418,66
5419,88
5420,30
5421,1
5422,57
5423,12
5424,14
5425,97
5426,78
5427,7
5428,94
5429,85
5430,48
5431,16
5432,89
5433,50
5434,47
5435,70
5436,62
5437,58
5438,92
5439,60
5440,9
5441,44
5442,49
5443,71
5444,99
5445,89
5446,3
5447,67
5448,56
5449,42
5450,92
5451,21
5452,43
5453,42
5454,86
5455,38
5456,24
5457,84
5458,38
5459,60
5460,48
5461,19
5462,93
5463,16
5464,30
5465,81
5466,21
5467,78
5468,68
5469,48
5470,52
5471,74
5472,42
5473,20
5474,14
5475,78
5476,62
5477,76
5478,42
5479,10
5480,74
5481,78
5482,28
5483,44
5484,51
5485,83
5486,48
5487,79
5488,67
5489,38
5490,90
5491,18
5492,40
5493,88
5494,15
5495,89
5496,0
5497,66
5498,74
5499,59
5500,73
5501,57
5502,64
5503,21
5504,72
5505,39
5506,91
5507,14
5508,28
5509,40
5510,66
5511,32
5512,11
5513,50
5514,54
5515,14
5516,15
5517,84
5518,7
5519,15
5520,70
5521,26
5522,28
5523,27
5524,36
5525,31
5526,65
5527,16
5528,47
5529,6
5530,19
5531,87
5532,15
5533,81
5534,5
5535,98
5536,2
5537,68
5538,52
5539,18
5540,66
5541,55
5542,37
5543,65
5544,81
5545,98
5546,45
5547,76
5548,95
5549,5
5550,89
5551,69
5552,57
5553,71
5554,95
5555,10
5556,7
5557,52
5558,6
5559,7
5560,67
5561,60
5562,27
5563,59
5564,11
5565,94
5566,78
5567,23
5568,58
5569,50
5570,38
5571,85
5572,48
5573,82
5574,21
5575,55
5576,69
5577,39
5578,56
5579,37
5580,5
5581,17
5582,87
5583,78
5584,70
5585,73
5586,87
5587,5
5588,98
5589,18
5590,73
5591,74
5592,62
5593,41
5594,1
5595,16
5596,85
5597,80
5598,44
5599,44
5600,69
5601,26
5602,46
5603,20
5604,7
5605,93
5606,63
5607,53
5608,56
5609,37
5610,33
5611,76
5612,48
5613,63
5614,5
5615,31
5616,54
5617,28
5618,30
5619,34
5620,47
5621,63
5622,54
5623,35
5624,93
5625,61
5626,46
5627,51
5628,42
5629,47
5630,68
5631,81
5632,81
5633,39
5634,13
5635,37
5636,11
5637,81
5638,37
5639,18
5640,4
5641,23
5642,93
5643,94
5644,77
5645,47
5646,51
5647,5
5648,13
5649,40
5650,48
5651,96
5652,23
5653,26
5654,13
5655,98
5656,71
5657,60
5658,62
5659,39
5660,68
5661,59
5662,14
5663,21
5664,15
5665,77
5666,94
5667,73
5668,70
5669,59
5670,55
5671,76
5672,55
5673,72
5674,44
5675,0
5676,99
5677,24
5678,56
5679,0
5680,82
5681,72
5682,87
5683,20
5684,54
5685,11
5686,9
5687,14
5688,65
5689,78
5690,22
5691,48
5692,1
5693,39
5694,77
5695,49
5696,89
5697,36
5698,42
5699,20
5700,11
5701,67
5702,87
5703,71
5704,36
5705,30
5706,27
5707,50
5708,54
5709,56
5710,42
5711,6
5712,31
5713,92
5714,32
5715,58
5716,10
5717,64
5718,72
5719,31
5720,27
5721,71
5722,56
5723,33
5724,99
5725,82
5726,34
5727,53
5728,17
5729,93
5730,66
5731,0
5732,58
5733,4
5734,37
5735,67
5736,58
5737,66
5738,58
5739,42
5740,39
5741,40
5742,62
5743,68
5744,4
5745,4
5746,65
5747,72
5748,13
5749,17
5750,95
5751,72
5752,50
5753,1
5754,56
5755,73
5756,58
5757,90
5758,56
5759,44
5760,16
5761,32
5762,15
5763,90
5764,78
5765,56
5766,40
5767,63
5768,22
5769,2
5770,14
5771,72
5772,76
5773,73
5774,2
5775,26
5776,5
5777,23
5778,12
5779,43
5780,91
5781,97
5782,51
5783,65
5784,62
5785,33
5786,67
5787,66
5788,84
5789,62
5790,12
5791,30
5792,24
5793,91
5794,31
5795,55
5796,59
5797,46
5798,11
5799,20
5800,83
5801,80
5802,38
5803,30
5804,93
5805,72
5806,41
5807,0
5808,11
5809,54
5810,9
5811,16
5812,87
5813,13
5814,12
5815,14
5816,60
5817,13
5818,58
5819,42
5820,51
5821,36
5822,52
5823,92
5824,7
5825,94
5826,80
5827,56
5828,37
5829,63
5830,74
5831,46
5832,38
5833,88
5834,58
5835,7
5836,28
5837,56
5838,33
5839,41
5840,62
5841,7
5842,7
5843,38
5844,26
5845,22
5846,52
5847,32
5848,70
5849,28
5850,96
5851,93
5852,57
5853,13
5854,47
5855,8
5856,30
5857,17
5858,14
5859,18
5860,91
5861,26
5862,15
5863,57
5864,60
5865,16
5866,54
5867,7
5868,52
5869,26
5870,50
5871,13
5872,74
5873,74
5874,74
5875,71
5876,85
5877,8
5878,31
5879,28
5880,17
5881,44
5882,28
5883,93
5884,16
5885,0
5886,37
5887,26
5888,71
5889,34
5890,64
5891,99
5892,44
5893,58
5894,16
5895,8
5896,29
5897,98
5898,86
5899,41
5900,0
5901,19
5902,44
5903,46
5904,6
5905,42
5906,70
5907,73
5908,31
5909,73
5910,92
5911,97
5912,97
5913,0
5914,57
5915,15
5916,46
5917,53
5918,69
5919,59
5920,13
5921,84
5922,67
5923,43
5924,80
5925,52
5926,20
5927,76
5928,65
5929,79
5930,99
5931,62
5932,58
5933,44
5934,26
5935,1
5936,46
5937,81
5938,66
5939,69
5940,39
5941,60
5942,42
5943,6
5944,51
5945,34
5946,31
5947,64
5948,67
5949,78
5950,25
5951,23
5952,71
5953,68
5954,75
5955,78
5956,41
5957,86
5958,8
5959,10
5960,2
5961,44
5962,93
5963,64
5964,43
5965,60
5966,44
5967,62
5968,91
5969,81
5970,50
5971,11
5972,32
5973,91
5974,85
5975,70
5976,16
5977,37
5978,22
5979,42
5980,46
5981,9
5982,32
5983,84
5984,72
5985,13
5986,95
5987,16
5988,25
5989,12
5990,24
5991,61
5992,50
5993,9
5994,8
5995,20
5996,98
5997,49
5998,0
5999,66
6000,31
6001,18
6002,11
6003,23
6004,47
6005,47
6006,30
6007,88
6008,46
6009,22
6010,97
6011,17
6012,81
6013,76
6014,62
6015,39
6016,26
6017,95
6018,9
6019,95
6020,86
6021,46
6022,48
6023,2
6024,38
6025,9
6026,88
6027,21
6028,36
6029,72
6030,82
6031,40
6032,47
6033,99
6034,86
6035,92
6036,93
6037,15
6038,54
6039,42
6040,33
6041,98
6042,39
6043,70
6044,15
6045,36
6046,94
6047,70
6048,59
6049,70
6050,70
6051,40
6052,3
6053,87
6054,31
6055,42
6056,99
6057,16
6058,21
6059,28
6060,98
6061,29
6062,85
6063,89
6064,14
6065,57
6066,81
6067,34
6068,72
6069,10
6070,13
6071,40
6072,49
6073,29
6074,87
6075,58
6076,36
6077,65
6078,92
6079,10
6080,42
6081,12
6082,25
6083,17
6084,29
6085,80
6086,80
6087,6
6088,14
6089,9
6090,55
6091,38
6092,42
6093,28
6094,43
6095,57
6096,50
6097,99
6098,20
6099,0
6100,32
6101,90
6102,62
6103,14
6104,31
6105,88
6106,56
6107,71
6108,71
6109,77
6110,46
6111,66
6112,39
6113,66
6114,96
6115,63
6116,13
6117,39
6118,27
6119,31
6120,84
6121,7
6122,37
6123,18
6124,43
6125,52
6126,11
6127,6
6128,27
6129,99
6130,19
6131,39
6132,97
6133,6
6134,87
6135,51
6136,78
6137,52
6138,5
6139,61
6140,21
6141,20
6142,42
6143,65
6144,48
6145,39
6146,14
6147,74
6148,36
6149,12
6150,93
6151,43
6152,51
6153,79
6154,78
6155,6
6156,4
6157,46
6158,32
6159,20
6160,97
6161,94
6162,34
6163,34
6164,59
6165,22
6166,16
6167,70
6168,16
6169,5
6170,77
6171,63
6172,17
6173,28
6174,47
6175,42
6176,13
6177,88
6178,27
6179,49
6180,10
6181,68
6182,99
6183,59
6184,28
6185,26
6186,43
6187,2
6188,23
6189,72
6190,63
6191,87
6192,50
6193,5
6194,51
6195,66
6196,26
6197,57
6198,99
6199,53
6200,37
6201,4
6202,72
6203,27
6204,94
6205,95
6206,40
6207,33
6208,49
6209,66
6210,78
6211,13
6212,26
6213,86
6214,9
6215,51
6216,40
6217,9
6218,39
6219,70
6220,96
6221,38
6222,62
6223,32
6224,61
6225,35
6226,8
6227,11
6228,66
6229,97
6230,46
6231,73
6232,56
6233,20
6234,95
6235,68
6236,52
6237,94
6238,22
6239,9
6240,23
6241,11
6242,55
6243,27
6244,52
6245,20
6246,17
6247,98
6248,73
6249,47
6250,60
6251,28
6252,10
6253,0
6254,10
6255,31
6256,93
6257,29
6258,24
6259,23
6260,96
6261,60
6262,13
6263,57
6264,52
6265,87
6266,85
6267,22
6268,83
6269,22
6270,40
6271,56
6272,91
6273,45
6274,29
6275,60
6276,65
6277,7
6278,88
6279,48
6280,8
6281,42
6282,18
6283,71
6284,80
6285,55
6286,80
6287,73
6288,27
6289,5
6290,76
6291,46
6292,97
6293,42
6294,90
6295,52
6296,1
6297,39
6298,60
6299,86
6300,74
6301,98
6302,36
6303,13
6304,83
6305,30
6306,74
6307,85
6308,33
6309,26
6310,3
6311,72
6312,54
6313,29
6314,91
6315,71
6316,18
6317,98
6318,69
6319,56
6320,14
6321,50
6322,37
6323,40
6324,97
6325,27
6326,26
6327,14
6328,75
6329,83
6330,74
6331,66
6332,52
6333,52
6334,86
6335,66
6336,24
6337,69
6338,41
6339,13
6340,39
6341,5
6342,61
6343,48
6344,44
6345,71
6346,38
6347,32
6348,74
6349,30
6350,11
6351,54
6352,12
6353,21
6354,56
6355,72
6356,93
6357,46
6358,73
6359,52
6360,89
6361,24
6362,59
6363,75
6364,20
6365,93
6366,92
6367,47
6368,5
6369,63
6370,86
6371,78
6372,45
6373,67
6374,11
6375,79
6376,76
6377,27
6378,13
6379,89
6380,83
6381,60
6382,48
6383,11
6384,2
6385,30
6386,98
6387,21
6388,82
6389,90
6390,94
6391,74
6392,71
6393,75
6394,79
6395,42
6396,75
6397,14
6398,89
6399,50
6400,83
6401,42
6402,67
6403,81
6404,73
6405,52
6406,17
6407,76
6408,5
6409,88
6410,69
6411,13
6412,37
6413,94
6414,92
6415,0
6416,48
6417,15
6418,15
6419,39
6420,40
6421,82
6422,31
6423,94
6424,78
6425,68
6426,52
6427,38
6428,4
6429,54
6430,89
6431,40
6432,27
6433,97
6434,79
6435,93
6436,66
6437,72
6438,26
6439,64
6440,9
6441,66
6442,44
6443,59
6444,33
6445,79
6446,63
6447,97
6448,43
6449,8
6450,78
6451,25
6452,32
6453,18
6454,40
6455,44
6456,80
6457,16
6458,45
6459,45
6460,12
6461,99
6462,18
6463,6
6464,48
6465,46
6466,69
6467,18
6468,44
6469,34
6470,32
6471,30
6472,69
6473,48
6474,89
6475,15
6476,92
6477,5
6478,71
6479,52
6480,59
6481,88
6482,22
6483,31
6484,31
6485,72
6486,14
6487,56
6488,99
6489,93
6490,22
6491,20
6492,99
6493,57
6494,93
6495,29
6496,72
6497,91
6498,64
6499,36
6500,22
6501,49
6502,26
6503,84
6504,59
6505,34
6506,85
6507,9
6508,22
6509,29
6510,90
6511,46
6512,94
6513,79
6514,12
6515,63
6516,53
6517,12
6518,27
6519,10
6520,78
6521,88
6522,10
6523,45
6524,14
6525,93
6526,15
6527,12
6528,97
6529,37
6530,5
6531,87
6532,0
6533,36
6534,11
6535,44
6536,57
6537,27
6538,31
6539,4
6540,26
6541,7
6542,96
6543,39
6544,42
6545,34
6546,40
6547,48
6548,56
6549,18
6550,45
6551,62
6552,63
6553,8
6554,79
6555,97
6556,13
6557,68
6558,51
6559,10
6560,77
6561,97
6562,33
6563,60
6564,43
6565,10
6566,26
6567,31
6568,84
6569,49
6570,99
6571,7
6572,68
6573,93
6574,58
6575,51
6576,26
6577,36
6578,74
6579,78
6580,72
6581,79
6582,25
6583,64
6584,86
6585,98
6586,49
6587,70
6588,96
6589,71
6590,61
6591,20
6592,79
6593,71
6594,20
6595,42
6596,67
6597,28
6598,76
6599,31
6600,85
6601,82
6602,9
6603,4
6604,54
6605,38
6606,46
6607,52
6608,37
6609,19
6610,63
6611,11
6612,52
6613,73
6614,87
6615,92
6616,15
6617,98
6618,59
6619,20
6620,52
6621,60
6622,66
6623,65
6624,98
6625,77
6626,38
6627,7
6628,2
6629,17
6630,36
6631,80
6632,74
6633,41
6634,32
6635,71
6636,76
6637,44
6638,91
6639,21
6640,13
6641,62
6642,55
6643,96
6644,7
6645,7
6646,31
6647,82
6648,64
6649,74
6650,49
6651,46
6652,97
6653,58
6654,43
6655,20
6656,86
6657,22
6658,32
6659,18
6660,53
6661,60
6662,36
6663,83
6664,18
6665,32
6666,66
6667,99
6668,51
6669,11
6670,69
6671,28
6672,46
6673,22
6674,49
6675,21
6676,93
6677,54
6678,55
6679,51
6680,18
6681,51
6682,67
6683,92
6684,76
6685,47
6686,66
6687,82
6688,75
6689,61
6690,4
6691,90
6692,78
6693,34
6694,87
6695,39
6696,85
6697,70
6698,2
6699,14
6700,78
6701,1
6702,95
6703,90
6704,80
6705,55
6706,12
6707,91
6708,47
6709,11
6710,22
6711,26
6712,16
6713,8
6714,5
6715,27
6716,11
6717,71
6718,21
6719,44
6720,8
6721,43
6722,74
6723,75
6724,40
6725,37
6726,42
6727,95
6728,63
6729,51
6730,48
6731,65
6732,26
6733,39
6734,87
6735,88
6736,49
6737,14
6738,83
6739,23
6740,78
6741,47
6742,13
6743,41
6744,76
6745,99
6746,97
6747,69
6748,24
6749,76
6750,57
6751,50
6752,16
6753,44
6754,54
6755,92
6756,30
6757,4
6758,35
6759,95
6760,39
6761,98
6762,90
6763,74
6764,81
6765,74
6766,64
6767,42
6768,59
6769,69
6770,67
6771,66
6772,10
6773,52
6774,22
6775,84
6776,95
6777,39
6778,15
6779,77
6780,36
6781,23
6782,41
6783,94
6784,48
6785,17
6786,51
6787,62
6788,9
6789,42
6790,37
6791,13
6792,77
6793,69
6794,72
6795,22
6796,75
6797,24
6798,72
6799,8
6800,24
6801,10
6802,4
6803,57
6804,10
6805,2
6806,0
6807,89
6808,7
6809,94
6810,96
6811,66
6812,17
6813,5
6814,41
6815,77
6816,29
6817,99
6818,26
6819,98
6820,52
6821,70
6822,29
6823,94
6824,37
6825,83
6826,40
6827,0
6828,62
6829,96
6830,4
6831,78
6832,89
6833,6
6834,85
6835,59
6836,96
6837,8
6838,54
6839,62
6840,25
6841,10
6842,48
6843,82
6844,93
6845,82
6846,52
6847,70
6848,8
6849,19
6850,67
6851,4
6852,86
6853,19
6854,37
6855,93
6856,38
6857,57
6858,5
6859,10
6860,20
6861,37
6862,33
6863,5
6864,68
6865,8
6866,89
6867,69
6868,72
6869,43
6870,60
6871,46
6872,0
6873,12
6874,90
6875,2
6876,54
6877,45
6878,65
6879,50
6880,3
6881,68
6882,17
6883,35
6884,81
6885,8
6886,9
6887,99
6888,77
6889,13
6890,22
6891,26
6892,23
6893,36
6894,73
6895,42
6896,92
6897,70
6898,42
6899,9
6900,86
6901,91
6902,26
6903,85
6904,30
6905,12
6906,14
6907,13
6908,76
6909,6
6910,67
6911,51
6912,67
6913,19
6914,48
6915,37
6916,55
6917,38
6918,27
6919,54
6920,81
6921,20
6922,0
6923,64
6924,42
6925,77
6926,52
6927,54
6928,82
6929,12
6930,89
6931,53
6932,21
6933,18
6934,92
6935,36
6936,44
6937,11
6938,31
6939,62
6940,41
6941,65
6942,28
6943,20
6944,92
6945,96
6946,21
6947,81
6948,66
6949,18
6950,56
6951,88
6952,69
6953,71
6954,48
6955,12
6956,45
6957,60
6958,78
6959,40
6960,24
6961,37
6962,86
6963,76
6964,84
6965,51
6966,60
6967,97
6968,29
6969,65
6970,88
6971,7
6972,83
6973,59
6974,96
6975,53
6976,32
6977,79
6978,87
6979,70
6980,46
6981,22
6982,38
6983,52
6984,79
6985,3
6986,54
6987,58
6988,61
6989,75
6990,4
6991,65
6992,17
6993,92
6994,29
6995,61
6996,78
6997,66
6998,39
6999,44
7000,35
7001,91
7002,79
7003,7
7004,80
7005,33
7006,89
7007,83
7008,91
7009,1
7010,58
7011,75
7012,9
7013,25
7014,46
7015,59
7016,38
7017,82
7018,44
7019,6
7020,45
7021,34
7022,14
7023,14
7024,46
7025,70
7026,37
7027,84
7028,97
7029,95
7030,69
7031,59
7032,50
7033,86
7034,22
7035,70
7036,66
7037,55
7038,29
7039,49
7040,26
7041,53
7042,73
7043,85
7044,46
7045,13
7046,84
7047,76
7048,71
7049,14
7050,87
7051,37
7052,86
7053,55
7054,28
7055,93
7056,62
7057,44
7058,41
7059,46
7060,42
7061,46
7062,36
7063,20
7064,57
7065,1
7066,33
7067,10
7068,38
7069,52
7070,85
7071,29
7072,23
7073,14
7074,57
7075,50
7076,2
7077,9
7078,42
7079,21
7080,12
7081,73
7082,29
7083,87
7084,46
7085,32
7086,89
7087,97
7088,44
7089,84
7090,9
7091,6
7092,97
7093,9
7094,44
7095,7
7096,39
7097,1
7098,68
7099,83
7100,60
7101,18
7102,84
7103,23
7104,51
7105,40
7106,21
7107,17
7108,31
7109,48
7110,48
7111,2
7112,38
7113,66
7114,40
7115,44
7116,12
7117,14
7118,56
7119,58
7120,70
7121,85
7122,70
7123,94
7124,41
7125,97
7126,5
7127,80
7128,15
7129,62
7130,2
7131,13
7132,56
7133,13
7134,72
7135,97
7136,16
7137,87
7138,65
7139,92
7140,7
7141,34
7142,93
7143,45
7144,78
7145,68
7146,89
7147,31
7148,73
7149,48
7150,36
7151,95
7152,80
7153,96
7154,76
7155,32
7156,77
7157,19
7158,52
7159,84
7160,48
7161,10
7162,32
7163,35
7164,33
7165,69
7166,14
7167,69
7168,36
7169,4
7170,65
7171,94
7172,86
7173,72
7174,16
7175,90
7176,56
7177,4
7178,47
7179,13
7180,71
7181,51
7182,41
7183,41
7184,61
7185,32
7186,96
7187,62
7188,85
7189,74
7190,57
7191,23
7192,20
7193,38
7194,15
7195,5
7196,72
7197,62
7198,37
7199,62
7200,15
7201,52
7202,75
7203,26
7204,28
7205,27
7206,37
7207,13
7208,44
7209,48
7210,47
7211,79
7212,71
7213,7
7214,60
7215,60
7216,38
7217,49
7218,70
7219,0
7220,19
7221,46
7222,90
7223,5
7224,22
7225,75
7226,75
7227,41
7228,65
7229,51
7230,65
7231,46
7232,1
7233,14
7234,17
7235,65
7236,6
7237,45
7238,14
7239,90
7240,80
7241,30
7242,8
7243,21
7244,10
7245,18
7246,65
7247,32
7248,34
7249,48
7250,75
7251,93
7252,92
7253,76
7254,30
7255,93
7256,4
7257,37
7258,82
7259,9
7260,11
7261,70
7262,8
7263,43
7264,67
7265,30
7266,8
7267,40
7268,53
7269,1
7270,93
7271,26
7272,93
7273,6
7274,87
7275,22
7276,91
7277,7
7278,75
7279,91
7280,86
7281,8
7282,8
7283,42
7284,51
7285,16
7286,13
7287,18
7288,85
7289,48
7290,46
7291,20
7292,29
7293,31
7294,55
7295,26
7296,64
7297,51
7298,15
7299,72
7300,93
7301,65
7302,95
7303,87
7304,72
7305,46
7306,27
7307,36
7308,97
7309,73
7310,35
7311,12
7312,7
7313,70
7314,4
7315,26
7316,60
7317,34
7318,73
7319,20
7320,85
7321,74
7322,99
7323,92
7324,99
7325,21
7326,36
7327,36
7328,82
7329,73
7330,71
7331,61
7332,23
7333,29
7334,77
7335,40
7336,50
7337,25
7338,19
7339,67
7340,6
7341,51
7342,68
7343,46
7344,5
7345,10
7346,2
7347,41
7348,55
7349,47
7350,57
7351,73
7352,31
7353,88
7354,92
7355,30
7356,51
7357,19
7358,84
7359,2
7360,76
7361,54
7362,22
7363,68
7364,70
7365,83
7366,5
7367,42
7368,46
7369,10
7370,88
7371,67
7372,89
7373,88
7374,29
7375,97
7376,13
7377,29
7378,8
7379,14
7380,70
7381,29
7382,3
7383,28
7384,52
7385,8
7386,50
7387,26
7388,37
7389,58
7390,87
7391,85
7392,10
7393,96
7394,75
7395,80
7396,95
7397,17
7398,72
7399,72
7400,65
7401,53
7402,23
7403,88
7404,42
7405,99
7406,9
7407,42
7408,63
7409,92
7410,87
7411,43
7412,42
7413,79
7414,59
7415,9
7416,22
7417,42
7418,57
7419,56
7420,99
7421,83
7422,81
7423,9
7424,8
7425,51
7426,97
7427,42
7428,10
7429,70
7430,10
7431,40
7432,72
7433,74
7434,19
7435,62
7436,28
7437,94
7438,52
7439,86
7440,98
7441,13
7442,70
7443,9
7444,29
7445,15
7446,68
7447,66
7448,44
7449,63
7450,56
7451,12
7452,12
7453,53
7454,64
7455,46
7456,20
7457,62
7458,24
7459,16
7460,26
7461,81
7462,33
7463,16
7464,71
7465,22
7466,73
7467,45
7468,75
7469,94
7470,29
7471,8
7472,97
7473,73
7474,12
7475,34
7476,63
7477,85
7478,33
7479,23
7480,53
7481,46
7482,70
7483,51
7484,8
7485,66
7486,56
7487,11
7488,60
7489,48
7490,21
7491,21
7492,60
7493,56
7494,63
7495,42
7496,96
7497,79
7498,17
7499,20
7500,16
7501,7
7502,91
7503,43
7504,14
7505,92
7506,6
7507,89
7508,13
7509,85
7510,96
7511,18
7512,13
7513,63
7514,59
7515,10
7516,78
7517,18
7518,53
7519,17
7520,26
7521,43
7522,10
7523,54
7524,94
7525,79
7526,68
7527,31
7528,69
7529,64
7530,10
7531,41
7532,71
7533,46
7534,47
7535,20
7536,87
7537,90
7538,52
7539,26
7540,83
7541,67
7542,20
7543,20
7544,7
7545,83
7546,27
7547,45
7548,68
7549,93
7550,86
7551,12
7552,69
7553,91
7554,99
7555,1
7556,62
7557,34
7558,26
7559,58
7560,88
7561,97
7562,88
7563,19
7564,34
7565,71
7566,19
7567,48
7568,44
7569,48
7570,13
7571,16
7572,63
7573,80
7574,55
7575,4
7576,1
7577,72
7578,98
7579,32
7580,14
7581,87
7582,97
7583,83
7584,8
7585,26
7586,92
7587,31
7588,62
7589,10
7590,89
7591,62
7592,78
7593,83
7594,45
7595,85
7596,28
7597,37
7598,54
7599,66
7600,95
7601,7
7602,59
7603,24
7604,94
7605,7
7606,94
7607,94
7608,98
7609,42
7610,65
7611,52
7612,40
7613,42
7614,34
7615,80
7616,82
7617,11
7618,75
7619,51
7620,74
7621,34
7622,25
7623,85
7624,30
7625,74
7626,22
7627,19
7628,81
7629,92
7630,91
7631,52
7632,42
7633,29
7634,62
7635,65
7636,69
7637,84
7638,0
7639,55
7640,48
7641,32
7642,62
7643,37
7644,83
7645,18
7646,13
7647,19
7648,8
7649,68
7650,3
7651,3
7652,83
7653,92
7654,39
7655,0
7656,40
7657,77
7658,58
7659,72
7660,89
7661,13
7662,37
7663,61
7664,41
7665,38
7666,52
7667,66
7668,68
7669,80
7670,43
7671,46
7672,25
7673,66
7674,35
7675,50
7676,88
7677,14
7678,75
7679,53
7680,3
7681,5
7682,98
7683,82
7684,7
7685,37
7686,61
7687,7
7688,27
7689,1
7690,5
7691,37
7692,72
7693,41
7694,94
7695,33
7696,50
7697,8
7698,39
7699,23
7700,86
7701,31
7702,63
7703,71
7704,67
7705,29
7706,84
7707,46
7708,74
7709,33
7710,77
7711,45
7712,50
7713,46
7714,44
7715,72
7716,36
7717,55
7718,41
7719,96
7720,54
7721,87
7722,37
7723,75
7724,4
7725,27
7726,90
7727,14
7728,9
7729,44
7730,57
7731,83
7732,12
7733,22
7734,96
7735,42
7736,89
7737,22
7738,85
7739,39
7740,7
7741,25
7742,98
7743,40
7744,70
7745,70
7746,49
7747,70
7748,87
7749,90
7750,15
7751,31
7752,97
7753,36
7754,83
7755,82
7756,51
7757,11
7758,7
7759,74
7760,42
7761,2
7762,9
7763,78
7764,40
7765,36
7766,27
7767,91
7768,99
7769,73
7770,79
7771,83
7772,42
7773,62
7774,90
7775,50
7776,82
7777,24
7778,65
7779,16
7780,84
7781,39
7782,7
7783,31
7784,10
7785,51
7786,96
7787,51
7788,29
7789,66
7790,53
7791,30
7792,84
7793,44
7794,5
7795,18
7796,53
7797,74
7798,72
7799,38
7800,15
7801,44
7802,25
7803,63
7804,28
7805,15
7806,48
7807,93
7808,63
7809,66
7810,77
7811,3
7812,13
7813,77
7814,92
7815,55
7816,13
7817,72
7818,29
7819,16
7820,91
7821,61
7822,75
7823,13
7824,71
7825,70
7826,46
7827,52
7828,94
7829,89
7830,90
7831,59
7832,57
7833,43
7834,60
7835,45
7836,30
7837,96
7838,78
7839,74
7840,80
7841,80
7842,54
7843,99
7844,60
7845,76
7846,54
7847,18
7848,14
7849,26
7850,9
7851,81
7852,85
7853,32
7854,63
7855,43
7856,73
7857,87
7858,18
7859,44
7860,99
7861,70
7862,8
7863,12
7864,65
7865,80
7866,58
7867,17
7868,39
7869,53
7870,59
7871,48
7872,20
7873,88
7874,32
7875,97
7876,87
7877,84
7878,40
7879,91
7880,16
7881,27
7882,33
7883,16
7884,89
7885,84
7886,69
7887,83
7888,74
7889,85
7890,24
7891,72
7892,22
7893,76
7894,8
7895,5
7896,52
7897,46
7898,72
7899,40
7900,58
7901,84
7902,6
7903,91
7904,38
7905,11
7906,66
7907,41
7908,79
7909,92
7910,23
7911,14
7912,4
7913,86
7914,75
7915,8
7916,6
7917,22
7918,96
7919,76
7920,59
7921,41
7922,90
7923,22
7924,34
7925,45
7926,48
7927,7
7928,30
7929,11
7930,1
7931,23
7932,3
7933,22
7934,5
7935,80
7936,93
7937,18
7938,20
7939,79
7940,62
7941,53
7942,54
7943,63
7944,18
7945,84
7946,65
7947,8
7948,59
7949,8
7950,42
7951,83
7952,29
7953,30
7954,73
7955,2
7956,33
7957,39
7958,4
7959,22
7960,45
7961,83
7962,58
7963,73
7964,18
7965,84
7966,4
7967,5
7968,57
7969,18
7970,23
7971,29
7972,85
7973,88
7974,66
7975,16
7976,86
7977,38
7978,95
7979,45
7980,10
7981,0
7982,72
7983,11
7984,44
7985,86
7986,92
7987,27
7988,85
7989,82
7990,91
7991,82
7992,17
7993,38
7994,85
7995,12
7996,26
7997,54
7998,16
7999,58
8000,79
8001,1
8002,26
8003,91
8004,10
8005,42
8006,12
8007,23
8008,91
8009,73
8010,1
8011,1
8012,46
8013,10
8014,19
8015,88
8016,11
8017,29
8018,56
8019,57
8020,54
8021,61
8022,20
8023,13
8024,17
8025,53
8026,89
8027,18
8028,81
8029,6
8030,96
8031,41
8032,26
8033,26
8034,25
8035,60
8036,22
8037,72
8038,31
8039,47
8040,24
8041,18
8042,78
8043,17
8044,7
8045,0
8046,87
8047,26
8048,73
8049,14
8050,56
8051,18
8052,12
8053,54
8054,21
8055,79
8056,8
8057,42
8058,39
8059,61
8060,40
8061,53
8062,98
8063,4
8064,31
8065,8
8066,57
8067,33
8068,26
8069,11
8070,6
8071,94
8072,16
8073,36
8074,22
8075,16
8076,63
8077,77
8078,98
8079,27
8080,88
8081,72
8082,58
8083,27
8084,36
8085,13
8086,91
8087,20
8088,9
8089,85
8090,9
8091,65
8092,85
8093,70
8094,52
8095,7
8096,11
8097,59
8098,79
8099,70
8100,34
8101,97
8102,86
8103,49
8104,18
8105,55
8106,70
8107,27
8108,38
8109,34
8110,61
8111,69
8112,37
8113,66
8114,24
8115,19
8116,78
8117,63
8118,96
8119,35
8120,1
8121,84
8122,8
8123,86
8124,55
8125,91
8126,13
8127,90
8128,68
8129,60
8130,45
8131,0
8132,34
8133,18
8134,93
8135,92
8136,14
8137,96
8138,98
8139,40
8140,3
8141,89
8142,79
8143,15
8144,66
8145,46
8146,21
8147,12
8148,41
8149,31
8150,34
8151,93
8152,84
8153,26
8154,51
8155,72
8156,36
8157,67
8158,54
8159,11
8160,67
8161,44
8162,66
8163,60
8164,79
8165,13
8166,82
8167,14
8168,98
8169,89
8170,28
8171,55
8172,30
8173,76
8174,60
8175,76
8176,91
8177,37
8178,2
8179,4
8180,62
8181,43
8182,91
8183,48
8184,63
8185,34
8186,42
8187,34
8188,6
8189,21
8190,28
8191,8
8192,40
8193,44
8194,47
8195,61
8196,60
8197,73
8198,61
8199,26
8200,42
8201,42
8202,49
8203,92
8204,92
8205,89
8206,72
8207,94
8208,18
8209,20
8210,55
8211,0
8212,85
8213,75
8214,33
8215,49
8216,78
8217,95
8218,81
8219,58
8220,73
8221,60
8222,3
8223,14
8224,19
8225,46
8226,96
8227,79
8228,90
8229,75
8230,27
8231,15
8232,41
8233,39
8234,99
8235,81
8236,94
8237,45
8238,91
8239,36
8240,77
8241,72
8242,75
8243,92
8244,94
8245,61
8246,42
8247,38
8248,12
8249,1
8250,0
8251,30
8252,84
8253,35
8254,29
8255,7
8256,18
8257,48
8258,87
8259,91
8260,84
8261,4
8262,62
8263,31
8264,40
8265,72
8266,30
8267,61
8268,86
8269,52
8270,59
8271,93
8272,20
8273,14
8274,28
8275,75
8276,11
8277,81
8278,10
8279,73
8280,79
8281,5
8282,45
8283,56
8284,81
8285,31
8286,84
8287,69
8288,95
8289,6
8290,96
8291,70
8292,12
8293,63
8294,7
8295,3
8296,72
8297,71
8298,5
8299,14
8300,48
8301,18
8302,0
8303,70
8304,38
8305,4
8306,24
8307,69
8308,16
8309,9
8310,42
8311,41
8312,39
8313,27
8314,0
8315,70
8316,85
8317,9
8318,43
8319,79
8320,93
8321,75
8322,74
8323,80
8324,42
8325,14
8326,8
8327,0
8328,50
8329,89
8330,4
8331,46
8332,69
8333,29
8334,42
8335,22
8336,71
8337,98
8338,55
8339,40
8340,86
8341,0
8342,21
8343,2
8344,1
8345,31
8346,52
8347,43
8348,83
8349,4
8350,68
8351,18
8352,1
8353,60
8354,96
8355,98
8356,47
8357,90
8358,2
8359,28
8360,37
8361,61
8362,31
8363,14
8364,4
8365,14
8366,38
8367,93
8368,28
8369,39
8370,18
8371,41
8372,44
8373,49
8374,1
8375,11
8376,27
8377,91
8378,82
8379,4
8380,60
8381,34
8382,56
8383,19
8384,32
8385,74
8386,94
8387,99
8388,30
8389,98
8390,8
8391,58
8392,93
8393,87
8394,98
8395,79
8396,35
8397,43
8398,52
8399,6
8400,4
8401,33
8402,8
8403,63
8404,26
8405,34
8406,39
8407,97
8408,52
8409,75
8410,33
8411,87
8412,60
8413,46
8414,16
8415,33
8416,76
8417,41
8418,97
8419,8
8420,75
8421,17
8422,27
8423,93
8424,44
8425,4
8426,41
8427,60
8428,93
8429,31
8430,21
8431,77
8432,90
8433,54
8434,87
8435,86
8436,37
8437,47
8438,38
8439,2
8440,73
8441,55
8442,25
8443,62
8444,26
8445,51
8446,28
8447,15
8448,14
8449,52
8450,69
8451,45
8452,92
8453,39
8454,42
8455,58
8456,37
8457,48
8458,44
8459,71
8460,48
8461,69
8462,46
8463,26
8464,42
8465,46
8466,71
8467,66
8468,66
8469,42
8470,82
8471,1
8472,39
8473,88
8474,93
8475,82
8476,7
8477,17
8478,56
8479,40
8480,70
8481,6
8482,68
8483,52
8484,69
8485,26
8486,16
8487,7
8488,85
8489,12
8490,99
8491,88
8492,40
8493,68
8494,36
8495,71
8496,17
8497,94
8498,20
8499,46
8500,75
8501,10
8502,70
8503,58
8504,42
8505,51
8506,75
8507,91
8508,70
8509,37
8510,28
8511,90
8512,72
8513,88
8514,68
8515,38
8516,73
8517,79
8518,16
8519,58
8520,61
8521,39
8522,56
8523,17
8524,33
8525,77
8526,63
8527,87
8528,75
8529,66
8530,16
8531,94
8532,72
8533,76
8534,60
8535,97
8536,1
8537,0
8538,75
8539,31
8540,3
8541,60
8542,75
8543,52
8544,6
8545,43
8546,45
8547,84
8548,18
8549,34
8550,1
8551,88
8552,53
8553,66
8554,25
8555,56
8556,61
8557,52
8558,40
8559,24
8560,86
8561,54
8562,54
8563,88
8564,61
8565,87
8566,54
8567,24
8568,10
8569,85
8570,17
8571,90
8572,22
8573,86
8574,77
8575,79
8576,94
8577,18
8578,0
8579,39
8580,89
8581,82
8582,41
8583,87
8584,91
8585,73
8586,4
8587,62
8588,72
8589,98
8590,10
8591,46
8592,28
8593,38
8594,27
8595,70
8596,13
8597,7
8598,15
8599,24
8600,76
8601,98
8602,67
8603,79
8604,15
8605,59
8606,47
8607,93
8608,73
8609,13
8610,93
8611,70
8612,30
8613,60
8614,70
8615,11
8616,82
8617,12
8618,34
8619,6
8620,65
8621,62
8622,63
8623,31
8624,36
8625,42
8626,52
8627,48
8628,79
8629,50
8630,15
8631,83
8632,66
8633,68
8634,74
8635,66
8636,16
8637,63
8638,16
8639,84
8640,18
8641,29
8642,63
8643,53
8644,9
8645,38
8646,43
8647,74
8648,15
8649,1
8650,42
8651,27
8652,1
8653,84
8654,69
8655,81
8656,10
8657,33
8658,80
8659,68
8660,30
8661,8
8662,3
8663,13
8664,45
8665,18
8666,7
8667,2
8668,28
8669,93
8670,5
8671,53
8672,34
8673,27
8674,93
8675,6
8676,44
8677,93
8678,37
8679,14
8680,46
8681,31
8682,69
8683,47
8684,57
8685,95
8686,90
8687,80
8688,1
8689,82
8690,45
8691,66
8692,51
8693,58
8694,31
8695,42
8696,23
8697,90
8698,18
8699,83
8700,31
8701,51
8702,80
8703,23
8704,66
8705,61
8706,40
8707,51
8708,99
8709,28
8710,19
8711,63
8712,26
8713,97
8714,78
8715,34
8716,60
8717,13
8718,50
8719,17
8720,28
8721,29
8722,10
8723,57
8724,83
8725,83
8726,53
8727,73
8728,7
8729,59
8730,82
8731,34
8732,15
8733,68
8734,68
8735,34
8736,82
8737,75
8738,37
8739,8
8740,94
8741,16
8742,24
8743,21
8744,12
8745,52
8746,53
8747,49
8748,63
8749,85
8750,55
8751,32
8752,96
8753,20
8754,29
8755,42
8756,69
8757,94
8758,26
8759,62
8760,23
8761,91
8762,34
8763,48
8764,71
8765,53
8766,5
8767,0
8768,59
8769,83
8770,69
8771,73
8772,27
8773,12
8774,42
8775,10
8776,21
8777,95
8778,88
8779,28
8780,15
8781,24
8782,1
8783,77
8784,91
8785,82
8786,5
8787,64
8788,51
8789,59
8790,79
8791,70
8792,46
8793,1
8794,59
8795,87
8796,60
8797,88
8798,76
8799,45
8800,15
8801,7
8802,1
8803,11
8804,94
8805,79
8806,87
8807,49
8808,26
8809,72
8810,60
8811,73
8812,9
8813,75
8814,5
8815,72
8816,18
8817,32
8818,38
8819,14
8820,45
8821,64
8822,40
8823,52
8824,98
8825,7
8826,85
8827,30
8828,14
8829,51
8830,79
8831,89
8832,99
8833,86
8834,15
8835,29
8836,65
8837,66
8838,62
8839,80
8840,7
8841,57
8842,43
8843,78
8844,27
8845,99
8846,95
8847,93
8848,72
8849,71
8850,93
8851,86
8852,64
8853,4
8854,51
8855,62
8856,50
8857,37
8858,11
8859,21
8860,32
8861,57
8862,61
8863,46
8864,6
8865,70
8866,82
8867,82
8868,94
8869,95
8870,81
8871,96
8872,93
8873,49
8874,67
8875,31
8876,60
8877,24
8878,6
8879,63
8880,62
8881,82
8882,36
8883,76
8884,31
8885,47
8886,75
8887,77
8888,29
8889,94
8890,27
8891,92
8892,30
8893,32
8894,38
8895,29
8896,37
8897,2
8898,65
8899,40
8900,53
8901,87
8902,95
8903,53
8904,42
8905,43
8906,89
8907,69
8908,93
8909,81
8910,40
8911,71
8912,31
8913,33
8914,73
8915,75
8916,13
8917,47
8918,97
8919,54
8920,81
8921,7
8922,46
8923,83
8924,92
8925,53
8926,98
8927,66
8928,45
8929,48
8930,94
8931,10
8932,69
8933,60
8934,27
8935,35
8936,17
8937,52
8938,44
8939,57
8940,4
8941,83
8942,89
8943,71
8944,90
8945,96
8946,46
8947,13
8948,46
8949,22
8950,62
8951,52
8952,2
8953,58
8954,77
8955,96
8956,86
8957,47
8958,58
8959,69
8960,97
8961,14
8962,51
8963,2
8964,63
8965,79
8966,58
8967,42
8968,6
8969,38
8970,81
8971,99
8972,28
8973,50
8974,57
8975,88
8976,25
8977,38
8978,71
8979,47
8980,53
8981,48
8982,79
8983,59
8984,29
8985,82
8986,90
8987,93
8988,81
8989,17
8990,14
8991,69
8992,25
8993,32
8994,39
8995,6
8996,90
8997,4
8998,67
8999,99
9000,28
9001,98
9002,88
9003,20
9004,4
9005,18
9006,71
9007,48
9008,69
9009,18
9010,41
9011,6
9012,39
9013,44
9014,15
9015,37
9016,92
9017,48
9018,98
9019,41
9020,73
9021,77
9022,38
9023,72
9024,21
9025,96
9026,11
9027,87
9028,84
9029,30
9030,58
9031,30
9032,92
9033,72
9034,83
9035,59
9036,77
9037,74
9038,41
9039,8
9040,19
9041,92
9042,74
9043,68
9044,9
9045,91
9046,67
9047,21
9048,40
9049,71
9050,77
9051,38
9052,9
9053,82
9054,3
9055,76
9056,20
9057,23
9058,42
9059,94
9060,66
9061,72
9062,79
9063,25
9064,22
9065,36
9066,4
9067,18
9068,61
9069,60
9070,18
9071,62
9072,27
9073,66
9074,16
9075,27
9076,93
9077,60
9078,33
9079,88
9080,18
9081,58
9082,57
9083,83
9084,23
9085,85
9086,96
9087,20
9088,79
9089,20
9090,30
9091,59
9092,19
9093,72
9094,98
9095,19
9096,26
9097,83
9098,56
9099,47
9100,14
9101,52
9102,10
9103,40
9104,46
9105,3
9106,72
9107,9
9108,7
9109,43
9110,15
9111,93
9112,77
9113,19
9114,73
9115,77
9116,7
9117,40
9118,4
9119,61
9120,50
9121,30
9122,39
9123,14
9124,75
9125,51
9126,16
9127,17
9128,28
9129,45
9130,8
9131,12
9132,89
9133,32
9134,63
9135,60
9136,12
9137,11
9138,51
9139,46
9140,3
9141,40
9142,15
9143,84
9144,19
9145,55
9146,70
9147,62
9148,34
9149,94
9150,30
9151,11
9152,5
9153,99
9154,96
9155,90
9156,16
9157,56
9158,4
9159,24
9160,71
9161,75
9162,19
9163,14
9164,23
9165,68
9166,10
9167,81
9168,10
9169,90
9170,21
9171,0
9172,22
9173,87
9174,82
9175,85
9176,38
9177,10
9178,93
9179,77
9180,84
9181,41
9182,64
9183,76
9184,5
9185,91
9186,94
9187,42
9188,79
9189,19
9190,76
9191,87
9192,18
9193,51
9194,44
9195,50
9196,37
9197,6
9198,45
9199,95
9200,0
9201,74
9202,91
9203,48
9204,95
9205,48
9206,1
9207,54
9208,69
9209,92
9210,68
9211,56
9212,84
9213,80
9214,37
9215,67
9216,71
9217,39
9218,50
9219,60
9220,79
9221,0
9222,44
9223,66
9224,46
9225,64
9226,2
9227,32
9228,70
9229,93
9230,69
9231,88
9232,13
9233,30
9234,27
9235,74
9236,8
9237,17
9238,42
9239,91
9240,11
9241,36
9242,69
9243,63
9244,57
9245,84
9246,90
9247,85
9248,3
9249,91
9250,44
9251,76
9252,13
9253,8
9254,92
9255,69
9256,82
9257,7
9258,73
9259,89
9260,32
9261,42
9262,39
9263,26
9264,88
9265,63
9266,15
9267,50
9268,16
9269,62
9270,94
9271,60
9272,91
9273,83
9274,62
9275,85
9276,48
9277,33
9278,11
9279,5
9280,64
9281,18
9282,75
9283,75
9284,6
9285,31
9286,72
9287,17
9288,89
9289,70
9290,19
9291,36
9292,77
9293,97
9294,83
9295,63
9296,2
9297,62
9298,37
9299,11
9300,99
9301,77
9302,56
9303,22
9304,84
9305,14
9306,71
9307,94
9308,44
9309,30
9310,41
9311,52
9312,91
9313,85
9314,43
9315,82
9316,41
9317,42
9318,42
9319,96
9320,52
9321,22
9322,1
9323,46
9324,78
9325,72
9326,93
9327,85
9328,18
9329,63
9330,65
9331,25
9332,44
9333,11
9334,86
9335,26
9336,59
9337,2
9338,54
9339,11
9340,56
9341,75
9342,52
9343,76
9344,20
9345,48
9346,88
9347,9
9348,41
9349,38
9350,84
9351,3
9352,50
9353,43
9354,84
9355,18
9356,6
9357,9
9358,72
9359,38
9360,6
9361,75
9362,15
9363,29
9364,11
9365,20
9366,30
9367,3
9368,58
9369,38
9370,44
9371,45
9372,91
9373,74
9374,86
9375,72
9376,51
9377,58
9378,36
9379,90
9380,8
9381,88
9382,80
9383,7
9384,14
9385,62
9386,37
9387,0
9388,58
9389,96
9390,1
9391,61
9392,59
9393,21
9394,60
9395,89
9396,82
9397,26
9398,80
9399,52
9400,65
9401,55
9402,32
9403,77
9404,69
9405,26
9406,42
9407,79
9408,11
9409,20
9410,38
9411,52
9412,15
9413,7
9414,65
9415,63
9416,96
9417,26
9418,29
9419,3
9420,79
9421,39
9422,30
9423,99
9424,5
9425,48
9426,19
9427,52
9428,40
9429,58
9430,54
9431,82
9432,31
9433,82
9434,93
9435,70
9436,99
9437,21
9438,17
9439,56
9440,64
9441,74
9442,1
9443,92
9444,22
9445,85
9446,78
9447,13
9448,10
9449,53
9450,42
9451,52
9452,5
9453,34
9454,13
9455,79
9456,77
9457,30
9458,66
9459,27
9460,45
9461,93
9462,46
9463,14
9464,74
9465,87
9466,66
9467,87
9468,26
9469,41
9470,70
9471,22
9472,21
9473,32
9474,90
9475,36
9476,85
9477,32
9478,87
9479,21
9480,87
9481,71
9482,53
9483,27
9484,63
9485,1
9486,8
9487,93
9488,22
9489,61
9490,88
9491,90
9492,10
9493,83
9494,27
9495,85
9496,34
9497,7
9498,67
9499,49
9500,12
9501,28
9502,74
9503,44
9504,58
9505,45
9506,87
9507,79
9508,93
9509,14
9510,52
9511,31
9512,77
9513,59
9514,49
9515,71
9516,5
9517,67
9518,13
9519,98
9520,54
9521,67
9522,49
9523,21
9524,1
9525,88
9526,21
9527,77
9528,95
9529,91
9530,12
9531,15
9532,82
9533,22
9534,16
9535,66
9536,25
9537,44
9538,29
9539,29
9540,73
9541,32
9542,81
9543,63
9544,53
9545,23
9546,81
9547,86
9548,78
9549,71
9550,28
9551,75
9552,46
9553,14
9554,79
9555,16
9556,8
9557,77
9558,22
9559,13
9560,13
9561,83
9562,65
9563,62
9564,49
9565,70
9566,57
9567,7
9568,99
9569,86
9570,91
9571,23
9572,13
9573,74
9574,6
9575,42
9576,21
9577,30
9578,72
9579,35
9580,94
9581,41
9582,36
9583,59
9584,12
9585,43
9586,86
9587,97
9588,53
9589,64
9590,80
9591,3
9592,61
9593,20
9594,22
9595,57
9596,25
9597,71
9598,72
9599,68
9600,20
9601,49
9602,67
9603,87
9604,16
9605,41
9606,66
9607,44
9608,18
9609,51
9610,1
9611,15
9612,42
9613,6
9614,90
9615,8
9616,2
9617,5
9618,45
9619,5
9620,27
9621,56
9622,99
9623,73
9624,78
9625,2
9626,76
9627,50
9628,30
9629,53
9630,91
9631,81
9632,65
9633,92
9634,23
9635,35
9636,95
9637,40
9638,30
9639,62
9640,11
9641,23
9642,78
9643,96
9644,67
9645,50
9646,8
9647,15
9648,4
9649,80
9650,27
9651,60
9652,7
9653,54
9654,48
9655,16
9656,57
9657,94
9658,30
9659,70
9660,43
9661,92
9662,58
9663,4
9664,23
9665,38
9666,40
9667,33
9668,95
9669,10
9670,99
9671,86
9672,53
9673,89
9674,2
9675,52
9676,58
9677,54
9678,85
9679,63
9680,64
9681,82
9682,72
9683,69
9684,43
9685,13
9686,34
9687,47
9688,52
9689,40
9690,53
9691,45
9692,8
9693,83
9694,21
9695,90
9696,40
9697,28
9698,53
9699,27
9700,59
9701,4
9702,33
9703,54
9704,89
9705,44
9706,12
9707,4
9708,89
9709,98
9710,78
9711,82
9712,91
9713,31
9714,91
9715,47
9716,9
9717,73
9718,69
9719,36
9720,10
9721,44
9722,95
9723,37
9724,61
9725,83
9726,69
9727,46
9728,55
9729,76
9730,72
9731,61
9732,81
9733,98
9734,94
9735,24
9736,39
9737,1
9738,33
9739,27
9740,29
9741,7
9742,39
9743,32
9744,39
9745,3
9746,41
9747,66
9748,29
9749,27
9750,45
9751,55
9752,32
9753,5
9754,45
9755,9
9756,55
9757,33
9758,19
9759,35
9760,24
9761,96
9762,65
9763,46
9764,38
9765,49
9766,39
9767,25
9768,97
9769,84
9770,25
9771,52
9772,42
9773,56
9774,98
9775,82
9776,41
9777,29
9778,51
9779,79
9780,19
9781,18
9782,73
9783,64
9784,78
9785,96
9786,49
9787,64
9788,40
9789,36
9790,97
9791,28
9792,33
9793,49
9794,62
9795,0
9796,56
9797,4
9798,54
9799,81
9800,91
9801,5
9802,87
9803,3
9804,50
9805,64
9806,86
9807,41
9808,17
9809,12
9810,80
9811,4
9812,55
9813,63
9814,40
9815,13
9816,98
9817,85
9818,21
9819,76
9820,63
9821,59
9822,49
9823,30
9824,60
9825,80
9826,3
9827,74
9828,87
9829,38
9830,63
9831,53
9832,98
9833,48
9834,24
9835,13
9836,31
9837,18
9838,84
9839,46
9840,61
9841,7
9842,34
9843,46
9844,45
9845,99
9846,55
9847,51
9848,91
9849,83
9850,55
9851,42
9852,57
9853,4
9854,60
9855,90
9856,86
9857,48
9858,46
9859,92
9860,99
9861,77
9862,57
9863,14
9864,2
9865,70
9866,69
9867,69
9868,91
9869,79
9870,14
9871,58
9872,10
9873,20
9874,7
9875,48
9876,82
9877,79
9878,58
9879,30
9880,58
9881,3
9882,85
9883,38
9884,62
9885,29
9886,97
9887,46
9888,83
9889,37
9890,73
9891,28
9892,86
9893,50
9894,24
9895,29
9896,95
9897,1
9898,2
9899,36
9900,59
9901,78
9902,72
9903,85
9904,0
9905,71
9906,64
9907,6
9908,62
9909,31
9910,86
9911,57
9912,72
9913,73
9914,42
9915,91
9916,84
9917,85
9918,90
9919,69
9920,82
9921,21
9922,89
9923,68
9924,68
9925,76
9926,31
9927,58
9928,8
9929,37
9930,13
9931,73
9932,78
9933,88
9934,47
9935,99
9936,27
9937,12
9938,92
9939,8
9940,82
9941,78
9942,66
9943,62
9944,74
9945,4
9946,9
9947,29
9948,31
9949,77
9950,56
9951,18
9952,14
9953,3
9954,95
9955,54
9956,57
9957,45
9958,16
9959,73
9960,29
9961,33
9962,6
9963,86
9964,19
9965,97
9966,4
9967,9
9968,53
9969,89
9970,18
9971,87
9972,26
9973,49
9974,11
9975,14
9976,80
9977,92
9978,21
9979,27
9980,30
9981,52
9982,74
9983,29
9984,52
9985,90
9986,14
9987,77
9988,4
9989,7
9990,75
9991,27
9992,16
9993,30
9994,72
9995,0
9996,63
9997,51
9998,42
9999,70
